scenario,target,profile,method,confidence_level,center_empirical_coverage,q25_empirical_coverage,q75_empirical_coverage,center_relative_ci_width,q25_relative_ci_width,q75_relative_ci_width,center_coverage_error,q25_coverage_error,q75_coverage_error,n_seeds,n_replicates
logistic_glm,beta_0,P1,naive_ml,0.9,0.8995,0.891125,0.901,0.007188722587163392,0.007173346745638645,0.007197669239195479,-0.000500000000000056,-0.008875000000000022,0.0010000000000000009,30,2000
logistic_glm,beta_0,P1,naive_ml,0.95,0.9484999999999999,0.943125,0.952,0.007188722587163372,0.00717334674563866,0.007197669239195476,-0.0015000000000000013,-0.006874999999999992,0.0020000000000000018,30,2000
logistic_glm,beta_0,P1,naive_ml,0.975,0.974,0.9706250000000001,0.975875,0.0071887225871633785,0.007173346745638648,0.007197669239195464,-0.0010000000000000009,-0.004374999999999962,0.0008750000000000147,30,2000
logistic_glm,beta_0,P1,ppi,0.9,0.9205,0.91725,0.926375,1.0107753638770796,1.0091284835341576,1.0129113928349427,0.020499999999999963,0.017250000000000015,0.026374999999999982,30,2000
logistic_glm,beta_0,P1,ppi,0.95,0.96975,0.967,0.9728749999999999,1.0107753638770798,1.0091284835341592,1.0129113928349405,0.019750000000000045,0.017000000000000015,0.022875000000000034,30,2000
logistic_glm,beta_0,P1,ppi,0.975,0.9902500000000001,0.989625,0.992375,1.0107753638770796,1.009128483534155,1.012911392834942,0.015250000000000041,0.014625000000000055,0.017375000000000057,30,2000
logistic_glm,beta_0,P1,ppi_plus_plus,0.9,0.90875,0.904,0.9115,0.9682652654496664,0.9668738747852119,0.9697621935952259,0.00874999999999998,0.0040000000000000036,0.011499999999999955,30,2000
logistic_glm,beta_0,P1,ppi_plus_plus,0.95,0.95825,0.954125,0.962,0.9682652654496652,0.9668738747852119,0.9697621935952233,0.008250000000000035,0.0041250000000000175,0.01200000000000001,30,2000
logistic_glm,beta_0,P1,ppi_plus_plus,0.975,0.981,0.979625,0.982375,0.9682652654496655,0.9668738747852127,0.9697621935952231,0.006000000000000005,0.004625000000000046,0.007375000000000048,30,2000
logistic_glm,beta_0,P2,naive_ml,0.9,0.0,0.0,0.0,0.003699236407779283,0.0036924169285136154,0.0037062527886853776,-0.9,-0.9,-0.9,30,2000
logistic_glm,beta_0,P2,naive_ml,0.95,0.0,0.0,0.0,0.0036992364077792824,0.0036924169285136223,0.0037062527886853745,-0.95,-0.95,-0.95,30,2000
logistic_glm,beta_0,P2,naive_ml,0.975,0.0,0.0,0.0,0.0036992364077792746,0.003692416928513611,0.0037062527886853854,-0.975,-0.975,-0.975,30,2000
logistic_glm,beta_0,P2,ppi,0.9,0.9199999999999999,0.916,0.92525,1.0131592642591005,1.0116219222871503,1.015298251339843,0.019999999999999962,0.016000000000000014,0.025249999999999967,30,2000
logistic_glm,beta_0,P2,ppi,0.95,0.9702500000000001,0.965875,0.972375,1.013159264259099,1.0116219222871499,1.0152982513398388,0.020250000000000046,0.015875000000000056,0.02237500000000006,30,2000
logistic_glm,beta_0,P2,ppi,0.975,0.99,0.9885,0.991,1.0131592642590992,1.0116219222871499,1.015298251339843,0.015000000000000013,0.013500000000000068,0.016000000000000014,30,2000
logistic_glm,beta_0,P2,ppi_plus_plus,0.9,0.9077500000000001,0.9021250000000001,0.9107500000000001,0.9727154805545737,0.9713852911555325,0.9740092857896216,0.007749999999999979,0.002124999999999988,0.01075000000000001,30,2000
logistic_glm,beta_0,P2,ppi_plus_plus,0.95,0.9575,0.953125,0.9605,0.9727154805545741,0.971385291155534,0.974009285789619,0.007500000000000007,0.0031250000000000167,0.010500000000000065,30,2000
logistic_glm,beta_0,P2,ppi_plus_plus,0.975,0.98,0.979125,0.981875,0.9727154805545735,0.9713852911555347,0.974009285789617,0.0050000000000000044,0.0041250000000000175,0.00687500000000002,30,2000
logistic_glm,beta_0,P3,naive_ml,0.9,0.0,0.0,0.0,0.002127690184945534,0.0021250722957134563,0.002132003862306032,-0.9,-0.9,-0.9,30,2000
logistic_glm,beta_0,P3,naive_ml,0.95,0.0,0.0,0.0,0.0021276901849455305,0.002125072295713454,0.0021320038623060334,-0.95,-0.95,-0.95,30,2000
logistic_glm,beta_0,P3,naive_ml,0.975,0.0,0.0,0.0,0.0021276901849455283,0.002125072295713459,0.0021320038623060308,-0.975,-0.975,-0.975,30,2000
logistic_glm,beta_0,P3,ppi,0.9,0.92125,0.91725,0.92625,1.0186522321235258,1.0167317215833753,1.0202419471430035,0.02124999999999999,0.017250000000000015,0.026249999999999968,30,2000
logistic_glm,beta_0,P3,ppi,0.95,0.9704999999999999,0.9685,0.973875,1.0186522321235256,1.0167317215833753,1.0202419471430013,0.020500000000000018,0.018500000000000072,0.023875000000000035,30,2000
logistic_glm,beta_0,P3,ppi,0.975,0.9905,0.9886250000000001,0.992,1.0186522321235265,1.0167317215833758,1.0202419471429978,0.01550000000000007,0.013625000000000054,0.017000000000000015,30,2000
logistic_glm,beta_0,P3,ppi_plus_plus,0.9,0.907,0.9021250000000001,0.912,0.9695338956396086,0.9681063720841533,0.9708435047257148,0.006999999999999951,0.002124999999999988,0.01200000000000001,30,2000
logistic_glm,beta_0,P3,ppi_plus_plus,0.95,0.95825,0.953625,0.9608749999999999,0.9695338956396093,0.968106372084155,0.9708435047257127,0.008250000000000035,0.003625000000000045,0.010875000000000024,30,2000
logistic_glm,beta_0,P3,ppi_plus_plus,0.975,0.98125,0.97925,0.9825,0.9695338956396079,0.9681063720841547,0.9708435047257122,0.006250000000000033,0.004250000000000004,0.007500000000000062,30,2000
logistic_glm,beta_0,P4,naive_ml,0.9,0.8995,0.891125,0.9015,0.07191427593152248,0.0717503663389209,0.07199940260734071,-0.000500000000000056,-0.008875000000000022,0.0014999999999999458,30,2000
logistic_glm,beta_0,P4,naive_ml,0.95,0.9485,0.943125,0.9515,0.07191427593152237,0.07175036633892083,0.0719994026073408,-0.0014999999999999458,-0.006874999999999992,0.0015000000000000568,30,2000
logistic_glm,beta_0,P4,naive_ml,0.975,0.974,0.97075,0.97575,0.07191427593152261,0.07175036633892096,0.07199940260734075,-0.0010000000000000009,-0.004249999999999948,0.0007500000000000007,30,2000
logistic_glm,beta_0,P4,ppi,0.9,0.9265000000000001,0.9221250000000001,0.93025,1.0505001713837174,1.0467486116912308,1.0528659217583125,0.026500000000000024,0.022125000000000006,0.03024999999999997,30,2000
logistic_glm,beta_0,P4,ppi,0.95,0.97375,0.9715,0.976,1.050500171383716,1.0467486116912277,1.0528659217583083,0.02375000000000005,0.021500000000000075,0.026000000000000023,30,2000
logistic_glm,beta_0,P4,ppi,0.975,0.9925,0.991125,0.9935,1.0505001713837159,1.0467486116912297,1.052865921758312,0.01750000000000007,0.016125000000000028,0.018500000000000072,30,2000
logistic_glm,beta_0,P4,ppi_plus_plus,0.9,0.9085000000000001,0.904875,0.913875,0.9731367058868136,0.972305906798407,0.975092398819583,0.008500000000000008,0.004874999999999963,0.013874999999999998,30,2000
logistic_glm,beta_0,P4,ppi_plus_plus,0.95,0.958,0.9544999999999999,0.961375,0.9731367058868121,0.9723059067984091,0.9750923988195852,0.008000000000000063,0.004500000000000004,0.011375000000000052,30,2000
logistic_glm,beta_0,P4,ppi_plus_plus,0.975,0.981,0.980125,0.9828749999999999,0.9731367058868116,0.9723059067984045,0.975092398819582,0.006000000000000005,0.005125000000000018,0.007875000000000021,30,2000
logistic_glm,beta_0,baseline,classic,0.9,0.905,0.899125,0.9083749999999999,1.0,1.0,1.0,0.004999999999999949,-0.0008750000000000147,0.008374999999999966,30,2000
logistic_glm,beta_0,baseline,classic,0.95,0.95575,0.9525,0.959375,1.0,1.0,1.0,0.005750000000000033,0.0025000000000000577,0.00937500000000005,30,2000
logistic_glm,beta_0,baseline,classic,0.975,0.9795,0.9785,0.981375,1.0,1.0,1.0,0.004500000000000004,0.0035000000000000586,0.006375000000000047,30,2000
logistic_glm,beta_1,P1,naive_ml,0.9,0.89725,0.894625,0.903875,0.00729239420685168,0.007278371387726199,0.007300565903561523,-0.00275000000000003,-0.005375000000000046,0.0038749999999999896,30,2000
logistic_glm,beta_1,P1,naive_ml,0.95,0.9495,0.9452499999999999,0.951875,0.007292394206851658,0.007278371387726183,0.007300565903561527,-0.0004999999999999449,-0.004750000000000004,0.0018750000000000155,30,2000
logistic_glm,beta_1,P1,naive_ml,0.975,0.97375,0.9715,0.976375,0.007292394206851649,0.007278371387726196,0.007300565903561524,-0.0012499999999999734,-0.0034999999999999476,0.0013750000000000429,30,2000
logistic_glm,beta_1,P1,ppi,0.9,0.91625,0.9145,0.9205,1.015695813419939,1.0129736524849595,1.019145089710285,0.016249999999999987,0.014499999999999957,0.020499999999999963,30,2000
logistic_glm,beta_1,P1,ppi,0.95,0.968,0.9666250000000001,0.971,1.0156958134199412,1.012973652484962,1.0191450897102814,0.018000000000000016,0.016625000000000056,0.02100000000000002,30,2000
logistic_glm,beta_1,P1,ppi,0.975,0.989,0.988125,0.9905,1.015695813419943,1.0129736524849595,1.019145089710285,0.014000000000000012,0.013125000000000026,0.01550000000000007,30,2000
logistic_glm,beta_1,P1,ppi_plus_plus,0.9,0.905,0.900375,0.90725,0.9574583106487091,0.9562727889777679,0.9591154403798305,0.0050000000000000044,0.00037499999999998646,0.007249999999999951,30,2000
logistic_glm,beta_1,P1,ppi_plus_plus,0.95,0.95375,0.952125,0.956375,0.957458310648711,0.9562727889777687,0.9591154403798283,0.003750000000000031,0.0021250000000000158,0.006375000000000047,30,2000
logistic_glm,beta_1,P1,ppi_plus_plus,0.975,0.979,0.97675,0.9822500000000001,0.9574583106487105,0.9562727889777681,0.9591154403798292,0.0040000000000000036,0.001750000000000057,0.007250000000000062,30,2000
logistic_glm,beta_1,P2,naive_ml,0.9,0.013,0.0115,0.014875,0.004550219450204242,0.004540751948908417,0.004556550339950888,-0.887,-0.8885000000000001,-0.885125,30,2000
logistic_glm,beta_1,P2,naive_ml,0.95,0.02775,0.0255,0.02975,0.004550219450204247,0.004540751948908418,0.004556550339950872,-0.92225,-0.9245,-0.9202499999999999,30,2000
logistic_glm,beta_1,P2,naive_ml,0.975,0.05175,0.048125,0.055375,0.004550219450204245,0.00454075194890842,0.004556550339950881,-0.9232499999999999,-0.9268749999999999,-0.9196249999999999,30,2000
logistic_glm,beta_1,P2,ppi,0.9,0.92,0.917125,0.924375,1.0273131387750718,1.0241797079996955,1.0297052728641016,0.020000000000000018,0.017125,0.02437499999999998,30,2000
logistic_glm,beta_1,P2,ppi,0.95,0.96925,0.968125,0.97175,1.0273131387750734,1.0241797079996948,1.029705272864102,0.019250000000000045,0.01812500000000003,0.02175000000000002,30,2000
logistic_glm,beta_1,P2,ppi,0.975,0.9895,0.988125,0.99,1.0273131387750727,1.0241797079996944,1.0297052728640996,0.014500000000000068,0.013125000000000026,0.015000000000000013,30,2000
logistic_glm,beta_1,P2,ppi_plus_plus,0.9,0.9045,0.901625,0.906875,0.959530389955848,0.9583414260926684,0.9604802049510688,0.0044999999999999485,0.0016249999999999598,0.006874999999999992,30,2000
logistic_glm,beta_1,P2,ppi_plus_plus,0.95,0.9535,0.9512499999999999,0.95625,0.9595303899558465,0.9583414260926664,0.9604802049510692,0.0035000000000000586,0.0012500000000000011,0.006250000000000061,30,2000
logistic_glm,beta_1,P2,ppi_plus_plus,0.975,0.979,0.9775,0.9815,0.9595303899558492,0.9583414260926691,0.9604802049510672,0.0040000000000000036,0.0025000000000000577,0.006500000000000061,30,2000
logistic_glm,beta_1,P3,naive_ml,0.9,0.0,0.0,0.0,0.002640949386983983,0.002638584555448872,0.0026441128545274563,-0.9,-0.9,-0.9,30,2000
logistic_glm,beta_1,P3,naive_ml,0.95,0.0,0.0,0.0,0.0026409493869839857,0.0026385845554488746,0.0026441128545274554,-0.95,-0.95,-0.95,30,2000
logistic_glm,beta_1,P3,naive_ml,0.975,0.0,0.0,0.0,0.0026409493869839792,0.002638584555448871,0.0026441128545274563,-0.975,-0.975,-0.975,30,2000
logistic_glm,beta_1,P3,ppi,0.9,0.92,0.9175,0.924125,1.0291811512330293,1.0267860323287037,1.0334632997943596,0.020000000000000018,0.01749999999999996,0.02412499999999998,30,2000
logistic_glm,beta_1,P3,ppi,0.95,0.9705,0.9695,0.9728749999999999,1.0291811512330278,1.0267860323287048,1.0334632997943545,0.020500000000000074,0.019500000000000073,0.022875000000000034,30,2000
logistic_glm,beta_1,P3,ppi,0.975,0.99,0.9886250000000001,0.991375,1.0291811512330282,1.026786032328703,1.0334632997943587,0.015000000000000013,0.013625000000000054,0.016375000000000056,30,2000
logistic_glm,beta_1,P3,ppi_plus_plus,0.9,0.905,0.902,0.90825,0.9597586282596595,0.9586235826511318,0.9612771736378367,0.0050000000000000044,0.0020000000000000018,0.008249999999999952,30,2000
logistic_glm,beta_1,P3,ppi_plus_plus,0.95,0.95475,0.952125,0.957,0.9597586282596593,0.9586235826511332,0.9612771736378368,0.004750000000000032,0.0021250000000000158,0.007000000000000006,30,2000
logistic_glm,beta_1,P3,ppi_plus_plus,0.975,0.97975,0.978,0.981875,0.9597586282596582,0.9586235826511356,0.9612771736378365,0.004750000000000032,0.0030000000000000027,0.00687500000000002,30,2000
logistic_glm,beta_1,P4,naive_ml,0.9,0.8967499999999999,0.8941250000000001,0.9025,0.07295368757334293,0.07281759433185268,0.07305274415283504,-0.0032500000000000306,-0.005875000000000019,0.0024999999999999467,30,2000
logistic_glm,beta_1,P4,naive_ml,0.95,0.94975,0.9456249999999999,0.9515,0.07295368757334295,0.07281759433185263,0.07305274415283483,-0.00024999999999997247,-0.004374999999999962,0.0015000000000000568,30,2000
logistic_glm,beta_1,P4,naive_ml,0.975,0.97375,0.9715,0.97675,0.07295368757334282,0.07281759433185257,0.07305274415283483,-0.0012499999999999734,-0.0034999999999999476,0.0017500000000000016,30,2000
logistic_glm,beta_1,P4,ppi,0.9,0.92425,0.920625,0.926375,1.0620137532555796,1.0568105820437685,1.0637195999542528,0.024249999999999994,0.020624999999999977,0.026374999999999982,30,2000
logistic_glm,beta_1,P4,ppi,0.95,0.9715,0.9706250000000001,0.973375,1.0620137532555811,1.0568105820437697,1.0637195999542532,0.021500000000000075,0.02062500000000006,0.023375000000000062,30,2000
logistic_glm,beta_1,P4,ppi,0.975,0.9905,0.989625,0.992,1.062013753255581,1.0568105820437723,1.0637195999542508,0.01550000000000007,0.014625000000000055,0.017000000000000015,30,2000
logistic_glm,beta_1,P4,ppi_plus_plus,0.9,0.90575,0.90225,0.907375,0.9642246194477002,0.9627712719719388,0.966015516298275,0.005749999999999977,0.002250000000000002,0.007374999999999965,30,2000
logistic_glm,beta_1,P4,ppi_plus_plus,0.95,0.9532499999999999,0.952,0.956,0.9642246194477,0.9627712719719403,0.9660155162982726,0.0032500000000000306,0.0020000000000000018,0.006000000000000005,30,2000
logistic_glm,beta_1,P4,ppi_plus_plus,0.975,0.979,0.977125,0.981875,0.9642246194476993,0.9627712719719382,0.9660155162982766,0.0040000000000000036,0.0021250000000000158,0.00687500000000002,30,2000
logistic_glm,beta_1,baseline,classic,0.9,0.8987499999999999,0.896625,0.9045,1.0,1.0,1.0,-0.0012500000000000289,-0.0033750000000000446,0.0044999999999999485,30,2000
logistic_glm,beta_1,baseline,classic,0.95,0.95225,0.949,0.9535,1.0,1.0,1.0,0.0022500000000000298,-0.0010000000000000009,0.0035000000000000586,30,2000
logistic_glm,beta_1,baseline,classic,0.975,0.978,0.975625,0.980375,1.0,1.0,1.0,0.0030000000000000027,0.0006250000000000422,0.005375000000000046,30,2000
logistic_glm,beta_2,P1,naive_ml,0.9,0.89825,0.896625,0.903,0.0072027844313195515,0.007192956080507803,0.007209257182277235,-0.0017500000000000293,-0.0033750000000000446,0.0030000000000000027,30,2000
logistic_glm,beta_2,P1,naive_ml,0.95,0.949,0.948,0.95125,0.007202784431319563,0.00719295608050778,0.007209257182277251,-0.0010000000000000009,-0.0020000000000000018,0.0012500000000000566,30,2000
logistic_glm,beta_2,P1,naive_ml,0.975,0.9750000000000001,0.97225,0.977375,0.007202784431319539,0.007192956080507799,0.007209257182277251,5.551115123125783e-17,-0.0027500000000000024,0.0023750000000000437,30,2000
logistic_glm,beta_2,P1,ppi,0.9,0.9097500000000001,0.905375,0.915375,1.0123139568817472,1.0109578808678952,1.0136480415840354,0.009749999999999981,0.005374999999999991,0.015374999999999972,30,2000
logistic_glm,beta_2,P1,ppi,0.95,0.96175,0.957625,0.964375,1.0123139568817479,1.0109578808678958,1.0136480415840334,0.011750000000000038,0.007625000000000048,0.014375000000000054,30,2000
logistic_glm,beta_2,P1,ppi,0.975,0.98325,0.982,0.9855,1.0123139568817479,1.010957880867895,1.0136480415840348,0.008250000000000035,0.007000000000000006,0.010500000000000065,30,2000
logistic_glm,beta_2,P1,ppi_plus_plus,0.9,0.9027499999999999,0.899625,0.907375,0.9851957117793896,0.9847478019642134,0.9858966945057066,0.0027499999999999747,-0.00037500000000004197,0.007374999999999965,30,2000
logistic_glm,beta_2,P1,ppi_plus_plus,0.95,0.954,0.9516249999999999,0.958375,0.9851957117793875,0.984747801964213,0.9858966945057057,0.0040000000000000036,0.001625000000000043,0.008375000000000049,30,2000
logistic_glm,beta_2,P1,ppi_plus_plus,0.975,0.9790000000000001,0.9765,0.9808749999999999,0.9851957117793899,0.9847478019642117,0.9858966945057062,0.004000000000000059,0.0015000000000000568,0.005875000000000019,30,2000
logistic_glm,beta_2,P2,naive_ml,0.9,0.11,0.104375,0.1135,0.003607981642102019,0.0036049790446840745,0.0036117668884571453,-0.79,-0.795625,-0.7865,30,2000
logistic_glm,beta_2,P2,naive_ml,0.95,0.1805,0.1765,0.185875,0.0036079816421020166,0.003604979044684072,0.0036117668884571488,-0.7695,-0.7735,-0.7641249999999999,30,2000
logistic_glm,beta_2,P2,naive_ml,0.975,0.266,0.262,0.271625,0.003607981642102004,0.003604979044684068,0.003611766888457152,-0.709,-0.713,-0.703375,30,2000
logistic_glm,beta_2,P2,ppi,0.9,0.9115,0.908625,0.915375,1.0223149480223117,1.0209849224692238,1.023954788361025,0.011499999999999955,0.008624999999999966,0.015374999999999972,30,2000
logistic_glm,beta_2,P2,ppi,0.95,0.9630000000000001,0.95875,0.965,1.0223149480223124,1.0209849224692233,1.0239547883610225,0.013000000000000067,0.008750000000000063,0.015000000000000013,30,2000
logistic_glm,beta_2,P2,ppi,0.975,0.98375,0.982125,0.986375,1.0223149480223135,1.0209849224692231,1.0239547883610212,0.008750000000000036,0.00712500000000002,0.011375000000000052,30,2000
logistic_glm,beta_2,P2,ppi_plus_plus,0.9,0.9025,0.8997499999999999,0.906875,0.9860029554941299,0.9855631790962996,0.9866612934187257,0.0024999999999999467,-0.00025000000000005573,0.006874999999999992,30,2000
logistic_glm,beta_2,P2,ppi_plus_plus,0.95,0.9552499999999999,0.9515,0.957875,0.98600295549413,0.9855631790963018,0.9866612934187271,0.005250000000000032,0.0015000000000000568,0.007875000000000021,30,2000
logistic_glm,beta_2,P2,ppi_plus_plus,0.975,0.97875,0.9765,0.9808749999999999,0.9860029554941303,0.9855631790963013,0.9866612934187247,0.003750000000000031,0.0015000000000000568,0.005875000000000019,30,2000
logistic_glm,beta_2,P3,naive_ml,0.9,0.0,0.0,0.0,0.002104806952062284,0.002102100142971584,0.002106899461050504,-0.9,-0.9,-0.9,30,2000
logistic_glm,beta_2,P3,naive_ml,0.95,0.0,0.0,0.0,0.002104806952062287,0.002102100142971585,0.0021068994610505005,-0.95,-0.95,-0.95,30,2000
logistic_glm,beta_2,P3,naive_ml,0.975,0.0,0.0,0.0,0.0021048069520622882,0.0021021001429715846,0.0021068994610504996,-0.975,-0.975,-0.975,30,2000
logistic_glm,beta_2,P3,ppi,0.9,0.9125000000000001,0.909,0.918875,1.018586913316784,1.016311836504129,1.0204849613294686,0.012500000000000011,0.009000000000000008,0.018875000000000003,30,2000
logistic_glm,beta_2,P3,ppi,0.95,0.963,0.9592499999999999,0.965875,1.018586913316783,1.0163118365041284,1.0204849613294689,0.013000000000000012,0.009250000000000008,0.015875000000000028,30,2000
logistic_glm,beta_2,P3,ppi,0.975,0.9845,0.981625,0.986375,1.0185869133167826,1.016311836504126,1.0204849613294666,0.009500000000000064,0.0066250000000000475,0.011375000000000052,30,2000
logistic_glm,beta_2,P3,ppi_plus_plus,0.9,0.90225,0.8995,0.90725,0.984113125445688,0.9838119110821832,0.9849202040901639,0.0022499999999999742,-0.000500000000000056,0.007249999999999951,30,2000
logistic_glm,beta_2,P3,ppi_plus_plus,0.95,0.9545,0.9515,0.9575,0.9841131254456865,0.9838119110821846,0.984920204090165,0.0045000000000000595,0.0015000000000000568,0.007500000000000062,30,2000
logistic_glm,beta_2,P3,ppi_plus_plus,0.975,0.97875,0.9765,0.981375,0.9841131254456872,0.983811911082186,0.9849202040901647,0.003750000000000031,0.0015000000000000568,0.006375000000000047,30,2000
logistic_glm,beta_2,P4,naive_ml,0.9,0.8987499999999999,0.896625,0.9025,0.07205387529777799,0.0719688416101204,0.07211533542384264,-0.0012500000000000289,-0.0033750000000000446,0.0024999999999999467,30,2000
logistic_glm,beta_2,P4,naive_ml,0.95,0.9492499999999999,0.948,0.951375,0.07205387529777796,0.07196884161012031,0.07211533542384278,-0.0007499999999999729,-0.0020000000000000018,0.0013750000000000429,30,2000
logistic_glm,beta_2,P4,naive_ml,0.975,0.97525,0.972125,0.9775,0.0720538752977779,0.07196884161012038,0.07211533542384266,0.000250000000000028,-0.0028749999999999887,0.0025000000000000577,30,2000
logistic_glm,beta_2,P4,ppi,0.9,0.91475,0.912,0.919875,1.0524952906260718,1.0507926097757185,1.0547578351544262,0.014749999999999985,0.01200000000000001,0.019875000000000004,30,2000
logistic_glm,beta_2,P4,ppi,0.95,0.96425,0.961875,0.966,1.0524952906260698,1.0507926097757208,1.0547578351544211,0.01425000000000004,0.011875000000000052,0.016000000000000014,30,2000
logistic_glm,beta_2,P4,ppi,0.975,0.9865,0.983625,0.987375,1.0524952906260743,1.0507926097757192,1.054757835154423,0.011500000000000066,0.00862500000000005,0.012375000000000053,30,2000
logistic_glm,beta_2,P4,ppi_plus_plus,0.9,0.9039999999999999,0.9021250000000001,0.9079999999999999,0.9848840066814831,0.9844563912790605,0.9856125831704732,0.003999999999999948,0.002124999999999988,0.007999999999999952,30,2000
logistic_glm,beta_2,P4,ppi_plus_plus,0.95,0.95475,0.951,0.95775,0.9848840066814821,0.9844563912790606,0.9856125831704734,0.004750000000000032,0.0010000000000000009,0.007750000000000007,30,2000
logistic_glm,beta_2,P4,ppi_plus_plus,0.975,0.97925,0.9766250000000001,0.981,0.9848840066814786,0.9844563912790627,0.9856125831704721,0.0042500000000000315,0.001625000000000043,0.006000000000000005,30,2000
logistic_glm,beta_2,baseline,classic,0.9,0.89975,0.8965,0.902875,1.0,1.0,1.0,-0.000250000000000028,-0.0035000000000000586,0.0028749999999999887,30,2000
logistic_glm,beta_2,baseline,classic,0.95,0.95175,0.9495,0.956,1.0,1.0,1.0,0.0017500000000000293,-0.0004999999999999449,0.006000000000000005,30,2000
logistic_glm,beta_2,baseline,classic,0.975,0.9785,0.975625,0.980375,1.0,1.0,1.0,0.0035000000000000586,0.0006250000000000422,0.005375000000000046,30,2000
lr,beta_0,P1,naive_ml,0.9,0.8987499999999999,0.891625,0.901,0.0036913445438022043,0.0036844861964832358,0.0037013793497697924,-0.0012500000000000289,-0.008375000000000049,0.0010000000000000009,30,2000
lr,beta_0,P1,naive_ml,0.95,0.9492499999999999,0.9435,0.951875,0.003691344543802206,0.0036844861964832444,0.0037013793497697916,-0.0007499999999999729,-0.00649999999999995,0.0018750000000000155,30,2000
lr,beta_0,P1,naive_ml,0.975,0.97375,0.970125,0.976375,0.003691344543802207,0.0036844861964832293,0.003701379349769796,-0.0012499999999999734,-0.0048749999999999905,0.0013750000000000429,30,2000
lr,beta_0,P1,ppi,0.9,0.8945000000000001,0.891,0.899,1.00718412967529,1.0048196625087913,1.0089071468559596,-0.005500000000000005,-0.009000000000000008,-0.0010000000000000009,30,2000
lr,beta_0,P1,ppi,0.95,0.94675,0.944125,0.95275,1.007184129675292,1.0048196625087926,1.008907146855958,-0.003249999999999975,-0.005874999999999991,0.002750000000000058,30,2000
lr,beta_0,P1,ppi,0.975,0.97375,0.971125,0.976375,1.0071841296752906,1.0048196625087915,1.008907146855959,-0.0012499999999999734,-0.0038749999999999896,0.0013750000000000429,30,2000
lr,beta_0,P1,ppi_plus_plus,0.9,0.886,0.881875,0.888,0.9697131771784788,0.9685016464322119,0.9709391173199412,-0.014000000000000012,-0.018125000000000058,-0.01200000000000001,30,2000
lr,beta_0,P1,ppi_plus_plus,0.95,0.937,0.9341250000000001,0.942,0.9697131771784773,0.9685016464322136,0.9709391173199398,-0.0129999999999999,-0.015874999999999917,-0.008000000000000007,30,2000
lr,beta_0,P1,ppi_plus_plus,0.975,0.9655,0.9635,0.969,0.9697131771784806,0.9685016464322126,0.9709391173199431,-0.009499999999999953,-0.011499999999999955,-0.006000000000000005,30,2000
lr,beta_0,P2,naive_ml,0.9,0.0,0.0,0.0,8.389254012933279e-17,8.311916703841115e-17,8.424244091908401e-17,-0.9,-0.9,-0.9,30,2000
lr,beta_0,P2,naive_ml,0.95,0.0,0.0,0.0,8.389254012933279e-17,8.31191670384115e-17,8.424244091908386e-17,-0.95,-0.95,-0.95,30,2000
lr,beta_0,P2,naive_ml,0.975,0.0,0.0,0.0,8.389254012933307e-17,8.31191670384114e-17,8.42424409190839e-17,-0.975,-0.975,-0.975,30,2000
lr,beta_0,P2,ppi,0.9,0.8945000000000001,0.891625,0.901375,1.0080766986281893,1.0056767352953446,1.0099784630747903,-0.005500000000000005,-0.008375000000000049,0.0013749999999999596,30,2000
lr,beta_0,P2,ppi,0.95,0.94675,0.944125,0.95125,1.00807669862819,1.0056767352953455,1.00997846307479,-0.003249999999999975,-0.005874999999999991,0.0012500000000000566,30,2000
lr,beta_0,P2,ppi,0.975,0.9735,0.971625,0.9768749999999999,1.0080766986281877,1.005676735295346,1.0099784630747906,-0.0014999999999999458,-0.0033749999999999614,0.0018750000000000155,30,2000
lr,beta_0,P2,ppi_plus_plus,0.9,0.88575,0.8811249999999999,0.887,0.970181849771584,0.9688621133369926,0.9712095295214664,-0.01425000000000004,-0.01887500000000003,-0.013000000000000012,30,2000
lr,beta_0,P2,ppi_plus_plus,0.95,0.93625,0.933125,0.9415,0.9701818497715846,0.9688621133369935,0.9712095295214644,-0.013749999999999929,-0.016874999999999918,-0.008499999999999952,30,2000
lr,beta_0,P2,ppi_plus_plus,0.975,0.9655,0.9635,0.9688749999999999,0.9701818497715855,0.9688621133369922,0.9712095295214672,-0.009500000000000008,-0.011499999999999955,-0.0061249999999999916,30,2000
lr,beta_0,P3,naive_ml,0.9,0.0,0.0,0.0,8.366281251040474e-17,8.305061059297167e-17,8.483664987571252e-17,-0.9,-0.9,-0.9,30,2000
lr,beta_0,P3,naive_ml,0.95,0.0,0.0,0.0,8.366281251040464e-17,8.30506105929718e-17,8.483664987571257e-17,-0.95,-0.95,-0.95,30,2000
lr,beta_0,P3,naive_ml,0.975,0.0,0.0,0.0,8.366281251040472e-17,8.305061059297195e-17,8.483664987571273e-17,-0.975,-0.975,-0.975,30,2000
lr,beta_0,P3,ppi,0.9,0.89575,0.891625,0.8995,1.0083105695937191,1.005999856368347,1.0098737530244368,-0.0042500000000000315,-0.008375000000000049,-0.000500000000000056,30,2000
lr,beta_0,P3,ppi,0.95,0.9464999999999999,0.9436249999999999,0.952,1.008310569593716,1.0059998563683505,1.0098737530244355,-0.003500000000000003,-0.006374999999999964,0.0020000000000000018,30,2000
lr,beta_0,P3,ppi,0.975,0.97375,0.9715,0.976,1.0083105695937145,1.0059998563683485,1.009873753024436,-0.0012499999999999734,-0.0034999999999999476,0.0010000000000000009,30,2000
lr,beta_0,P3,ppi_plus_plus,0.9,0.88525,0.880625,0.887875,0.9699440694213874,0.9687446812438765,0.9712013828646668,-0.01475000000000004,-0.01937500000000006,-0.012125000000000025,30,2000
lr,beta_0,P3,ppi_plus_plus,0.95,0.9375,0.933125,0.942,0.9699440694213858,0.968744681243877,0.9712013828646665,-0.012499999999999956,-0.016874999999999918,-0.008000000000000007,30,2000
lr,beta_0,P3,ppi_plus_plus,0.975,0.966,0.963625,0.9688749999999999,0.9699440694213867,0.9687446812438736,0.9712013828646682,-0.009000000000000008,-0.011374999999999968,-0.0061249999999999916,30,2000
lr,beta_0,P4,naive_ml,0.9,0.8987499999999999,0.891625,0.901,0.03691344543802197,0.036844861964832415,0.03701379349769801,-0.0012500000000000289,-0.008375000000000049,0.0010000000000000009,30,2000
lr,beta_0,P4,naive_ml,0.95,0.9492499999999999,0.9435,0.951875,0.036913445438022,0.03684486196483232,0.03701379349769787,-0.0007499999999999729,-0.00649999999999995,0.0018750000000000155,30,2000
lr,beta_0,P4,naive_ml,0.975,0.97375,0.970125,0.976375,0.03691344543802206,0.03684486196483234,0.03701379349769798,-0.0012499999999999734,-0.0048749999999999905,0.0013750000000000429,30,2000
lr,beta_0,P4,ppi,0.9,0.895,0.892,0.9015,1.0145401966726373,1.012346125871941,1.0159914054277208,-0.0050000000000000044,-0.008000000000000007,0.0015000000000000013,30,2000
lr,beta_0,P4,ppi,0.95,0.948,0.945125,0.9516249999999999,1.0145401966726366,1.012346125871943,1.01599140542772,-0.0020000000000000018,-0.0048749999999999905,0.0016250000000000153,30,2000
lr,beta_0,P4,ppi,0.975,0.97275,0.972,0.975375,1.014540196672637,1.0123461258719404,1.0159914054277233,-0.0022499999999999742,-0.0030000000000000027,0.00037500000000004197,30,2000
lr,beta_0,P4,ppi_plus_plus,0.9,0.8845000000000001,0.8811249999999999,0.888875,0.9715196615627507,0.9704423032313607,0.9724082147616422,-0.015500000000000014,-0.01887500000000003,-0.011125000000000024,30,2000
lr,beta_0,P4,ppi_plus_plus,0.95,0.93675,0.933125,0.942,0.9715196615627503,0.9704423032313622,0.9724082147616409,-0.013249999999999929,-0.016874999999999918,-0.008000000000000007,30,2000
lr,beta_0,P4,ppi_plus_plus,0.975,0.96575,0.9635,0.968,0.9715196615627508,0.9704423032313603,0.972408214761642,-0.00924999999999998,-0.011499999999999955,-0.007000000000000006,30,2000
lr,beta_0,baseline,classic,0.9,0.883,0.878375,0.8865,1.0,1.0,1.0,-0.01700000000000007,-0.021625000000000033,-0.013500000000000068,30,2000
lr,beta_0,baseline,classic,0.95,0.935,0.932,0.94025,1.0,1.0,1.0,-0.014999999999999902,-0.017999999999999905,-0.009749999999999953,30,2000
lr,beta_0,baseline,classic,0.975,0.9645,0.962,0.9675,1.0,1.0,1.0,-0.010499999999999954,-0.013000000000000012,-0.007499999999999951,30,2000
lr,beta_1,P1,naive_ml,0.9,0.898,0.894,0.9015,0.003686876443017848,0.003676852082638477,0.0036928816688983285,-0.0020000000000000018,-0.006000000000000005,0.0014999999999999458,30,2000
lr,beta_1,P1,naive_ml,0.95,0.94875,0.946,0.9515,0.003686876443017852,0.0036768520826384768,0.003692881668898331,-0.0012499999999999734,-0.0040000000000000036,0.0015000000000000568,30,2000
lr,beta_1,P1,naive_ml,0.975,0.974,0.971,0.9755,0.0036868764430178546,0.00367685208263848,0.0036928816688983216,-0.0010000000000000009,-0.0040000000000000036,0.000500000000000056,30,2000
lr,beta_1,P1,ppi,0.9,0.89775,0.894,0.9015,1.0090826340334313,1.006791022918658,1.0122239048297315,-0.0022500000000000298,-0.006000000000000005,0.0014999999999999458,30,2000
lr,beta_1,P1,ppi,0.95,0.9464999999999999,0.9425,0.9508749999999999,1.0090826340334325,1.0067910229186579,1.0122239048297275,-0.003500000000000003,-0.007499999999999951,0.0008750000000000147,30,2000
lr,beta_1,P1,ppi,0.975,0.9722500000000001,0.9686250000000001,0.975625,1.0090826340334345,1.0067910229186587,1.0122239048297277,-0.0027499999999999747,-0.006374999999999964,0.0006250000000000144,30,2000
lr,beta_1,P1,ppi_plus_plus,0.9,0.88375,0.880125,0.889,0.9566097461865618,0.9554755810819257,0.9584783196605022,-0.016250000000000042,-0.01987500000000003,-0.01100000000000001,30,2000
lr,beta_1,P1,ppi_plus_plus,0.95,0.937,0.9333750000000001,0.941375,0.9566097461865632,0.9554755810819273,0.9584783196605012,-0.0129999999999999,-0.016624999999999918,-0.008624999999999994,30,2000
lr,beta_1,P1,ppi_plus_plus,0.975,0.9632499999999999,0.961,0.9668749999999999,0.9566097461865619,0.9554755810819253,0.9584783196605013,-0.011749999999999983,-0.014000000000000012,-0.008124999999999993,30,2000
lr,beta_1,P2,naive_ml,0.9,1.0,1.0,1.0,8.62585134023623e-17,8.569098897494212e-17,8.65952245011691e-17,0.09999999999999998,0.09999999999999998,0.09999999999999998,30,2000
lr,beta_1,P2,naive_ml,0.95,1.0,1.0,1.0,8.625851340236209e-17,8.56909889749419e-17,8.659522450116921e-17,0.050000000000000044,0.050000000000000044,0.050000000000000044,30,2000
lr,beta_1,P2,naive_ml,0.975,1.0,1.0,1.0,8.625851340236219e-17,8.569098897494205e-17,8.659522450116924e-17,0.025000000000000022,0.025000000000000022,0.025000000000000022,30,2000
lr,beta_1,P2,ppi,0.9,0.8985,0.893625,0.901875,1.0112514883004236,1.008718042084667,1.0139922622788118,-0.0015000000000000568,-0.006375000000000047,0.0018749999999999878,30,2000
lr,beta_1,P2,ppi,0.95,0.9475,0.94275,0.9515,1.0112514883004264,1.0087180420846678,1.0139922622788087,-0.0024999999999999467,-0.007249999999999951,0.0015000000000000568,30,2000
lr,beta_1,P2,ppi,0.975,0.973,0.9705,0.9755,1.0112514883004269,1.0087180420846673,1.0139922622788093,-0.0020000000000000018,-0.0044999999999999485,0.000500000000000056,30,2000
lr,beta_1,P2,ppi_plus_plus,0.9,0.8839999999999999,0.8805,0.889,0.9572464636764353,0.9560651034092429,0.9592019243358594,-0.01600000000000007,-0.019500000000000073,-0.01100000000000001,30,2000
lr,beta_1,P2,ppi_plus_plus,0.95,0.93675,0.9333750000000001,0.94075,0.9572464636764346,0.9560651034092439,0.9592019243358602,-0.013249999999999929,-0.016624999999999918,-0.009250000000000008,30,2000
lr,beta_1,P2,ppi_plus_plus,0.975,0.96375,0.9602499999999999,0.96675,0.9572464636764348,0.9560651034092423,0.9592019243358596,-0.011249999999999982,-0.014750000000000013,-0.008250000000000007,30,2000
lr,beta_1,P3,naive_ml,0.9,1.0,1.0,1.0,8.543911625357142e-17,8.505078365972414e-17,8.626701022827984e-17,0.09999999999999998,0.09999999999999998,0.09999999999999998,30,2000
lr,beta_1,P3,naive_ml,0.95,1.0,1.0,1.0,8.543911625357143e-17,8.5050783659724e-17,8.626701022827956e-17,0.050000000000000044,0.050000000000000044,0.050000000000000044,30,2000
lr,beta_1,P3,naive_ml,0.975,1.0,1.0,1.0,8.543911625357167e-17,8.505078365972439e-17,8.626701022827975e-17,0.025000000000000022,0.025000000000000022,0.025000000000000022,30,2000
lr,beta_1,P3,ppi,0.9,0.8967499999999999,0.893125,0.9023749999999999,1.0112615134742198,1.0085308685780685,1.0142258536350246,-0.0032500000000000306,-0.006875000000000048,0.0023749999999999605,30,2000
lr,beta_1,P3,ppi,0.95,0.94625,0.943,0.95,1.011261513474222,1.0085308685780672,1.014225853635024,-0.0037499999999999756,-0.007000000000000006,0.0,30,2000
lr,beta_1,P3,ppi,0.975,0.9722500000000001,0.969125,0.9748749999999999,1.01126151347422,1.0085308685780663,1.0142258536350235,-0.0027499999999999747,-0.005874999999999991,-0.00012499999999998623,30,2000
lr,beta_1,P3,ppi_plus_plus,0.9,0.885,0.8805,0.8885,0.95709857325908,0.9558875867961305,0.9589162461817233,-0.015000000000000013,-0.019500000000000073,-0.011500000000000066,30,2000
lr,beta_1,P3,ppi_plus_plus,0.95,0.9357500000000001,0.933625,0.94,0.9570985732590811,0.9558875867961303,0.9589162461817234,-0.01424999999999993,-0.016374999999999945,-0.009999999999999953,30,2000
lr,beta_1,P3,ppi_plus_plus,0.975,0.9630000000000001,0.961,0.966,0.9570985732590814,0.9558875867961285,0.9589162461817249,-0.011999999999999955,-0.014000000000000012,-0.009000000000000008,30,2000
lr,beta_1,P4,naive_ml,0.9,0.898,0.894,0.9015,0.03686876443017846,0.03676852082638471,0.03692881668898332,-0.0020000000000000018,-0.006000000000000005,0.0014999999999999458,30,2000
lr,beta_1,P4,naive_ml,0.95,0.94875,0.946,0.9515,0.03686876443017855,0.036768520826384765,0.03692881668898335,-0.0012499999999999734,-0.0040000000000000036,0.0015000000000000568,30,2000
lr,beta_1,P4,naive_ml,0.975,0.974,0.971,0.9755,0.036868764430178516,0.03676852082638477,0.036928816688983256,-0.0010000000000000009,-0.0040000000000000036,0.000500000000000056,30,2000
lr,beta_1,P4,ppi,0.9,0.898,0.894,0.901875,1.0161951662541726,1.014258312621775,1.019665109626028,-0.0020000000000000018,-0.006000000000000005,0.0018749999999999878,30,2000
lr,beta_1,P4,ppi,0.95,0.947,0.9422499999999999,0.951,1.0161951662541733,1.0142583126217743,1.0196651096260265,-0.0030000000000000027,-0.007750000000000007,0.0010000000000000009,30,2000
lr,beta_1,P4,ppi,0.975,0.9725,0.969,0.975875,1.0161951662541744,1.0142583126217746,1.0196651096260285,-0.0024999999999999467,-0.006000000000000005,0.0008750000000000147,30,2000
lr,beta_1,P4,ppi_plus_plus,0.9,0.884,0.87925,0.8883749999999999,0.9588532240288123,0.9581658375374469,0.9608940188047848,-0.016000000000000014,-0.02075000000000002,-0.011625000000000052,30,2000
lr,beta_1,P4,ppi_plus_plus,0.95,0.9355,0.933125,0.9408749999999999,0.9588532240288123,0.958165837537446,0.9608940188047851,-0.014499999999999957,-0.016874999999999918,-0.009124999999999994,30,2000
lr,beta_1,P4,ppi_plus_plus,0.975,0.9632499999999999,0.961125,0.9655,0.9588532240288103,0.9581658375374478,0.9608940188047838,-0.011749999999999983,-0.013874999999999998,-0.009499999999999953,30,2000
lr,beta_1,baseline,classic,0.9,0.8835,0.878125,0.88775,1.0,1.0,1.0,-0.01650000000000007,-0.021875000000000033,-0.012250000000000011,30,2000
lr,beta_1,baseline,classic,0.95,0.935,0.9325000000000001,0.938375,1.0,1.0,1.0,-0.014999999999999902,-0.017499999999999905,-0.011624999999999969,30,2000
lr,beta_1,baseline,classic,0.975,0.963,0.959375,0.9655,1.0,1.0,1.0,-0.01200000000000001,-0.015625,-0.009499999999999953,30,2000
lr,beta_2,P1,naive_ml,0.9,0.898,0.895625,0.9023749999999999,0.0036686606931726016,0.0036666704543251117,0.0036758268024207,-0.0020000000000000018,-0.0043750000000000455,0.0023749999999999605,30,2000
lr,beta_2,P1,naive_ml,0.95,0.949,0.947125,0.952,0.003668660693172599,0.003666670454325113,0.0036758268024206986,-0.0010000000000000009,-0.0028749999999999887,0.0020000000000000018,30,2000
lr,beta_2,P1,naive_ml,0.975,0.97525,0.973,0.9768749999999999,0.0036686606931726016,0.003666670454325111,0.003675826802420695,0.000250000000000028,-0.0020000000000000018,0.0018750000000000155,30,2000
lr,beta_2,P1,ppi,0.9,0.8945,0.8907499999999999,0.9019999999999999,1.0079169261899688,1.0074943288902058,1.0086140893621014,-0.00550000000000006,-0.009250000000000064,0.0019999999999999463,30,2000
lr,beta_2,P1,ppi,0.95,0.9455,0.94175,0.951,1.0079169261899694,1.007494328890207,1.0086140893620987,-0.0044999999999999485,-0.008249999999999952,0.0010000000000000009,30,2000
lr,beta_2,P1,ppi,0.975,0.97175,0.969125,0.973875,1.0079169261899708,1.007494328890204,1.0086140893620974,-0.003249999999999975,-0.005874999999999991,-0.0011249999999999871,30,2000
lr,beta_2,P1,ppi_plus_plus,0.9,0.88775,0.884625,0.89475,0.9858993230862646,0.9856823590589286,0.9865815043902356,-0.012250000000000039,-0.015375000000000055,-0.005250000000000005,30,2000
lr,beta_2,P1,ppi_plus_plus,0.95,0.9405,0.937,0.94425,0.9858993230862639,0.9856823590589281,0.9865815043902362,-0.009499999999999953,-0.0129999999999999,-0.00574999999999995,30,2000
lr,beta_2,P1,ppi_plus_plus,0.975,0.9685,0.966375,0.9708749999999999,0.9858993230862632,0.9856823590589269,0.9865815043902371,-0.00649999999999995,-0.008624999999999994,-0.00412499999999999,30,2000
lr,beta_2,P2,naive_ml,0.9,1.0,1.0,1.0,7.804423862035052e-17,7.75307299999543e-17,7.84664645853511e-17,0.09999999999999998,0.09999999999999998,0.09999999999999998,30,2000
lr,beta_2,P2,naive_ml,0.95,1.0,1.0,1.0,7.804423862035058e-17,7.753072999995447e-17,7.846646458535107e-17,0.050000000000000044,0.050000000000000044,0.050000000000000044,30,2000
lr,beta_2,P2,naive_ml,0.975,1.0,1.0,1.0,7.804423862035042e-17,7.753072999995429e-17,7.846646458535113e-17,0.025000000000000022,0.025000000000000022,0.025000000000000022,30,2000
lr,beta_2,P2,ppi,0.9,0.8955,0.891375,0.901625,1.009814408328037,1.0094196563534956,1.0107923546997963,-0.004500000000000004,-0.008625000000000022,0.0016249999999999876,30,2000
lr,beta_2,P2,ppi,0.95,0.94625,0.9415,0.949,1.0098144083280367,1.0094196563534938,1.0107923546997983,-0.0037499999999999756,-0.008499999999999952,-0.0010000000000000009,30,2000
lr,beta_2,P2,ppi,0.975,0.97125,0.969625,0.9735,1.009814408328038,1.0094196563534972,1.0107923546997963,-0.0037499999999999756,-0.005374999999999963,-0.0014999999999999458,30,2000
lr,beta_2,P2,ppi_plus_plus,0.9,0.88725,0.8835,0.894625,0.9861423266227674,0.9859492982061677,0.9868283479536749,-0.012750000000000039,-0.01650000000000007,-0.005375000000000019,30,2000
lr,beta_2,P2,ppi_plus_plus,0.95,0.9405,0.937,0.9446249999999999,0.9861423266227664,0.9859492982061686,0.9868283479536749,-0.009499999999999953,-0.0129999999999999,-0.005374999999999991,30,2000
lr,beta_2,P2,ppi_plus_plus,0.975,0.96875,0.9665,0.9705,0.9861423266227644,0.9859492982061675,0.9868283479536767,-0.006249999999999978,-0.008499999999999952,-0.0044999999999999485,30,2000
lr,beta_2,P3,naive_ml,0.9,0.0,0.0,0.0,7.75522913352206e-17,7.654992545616208e-17,7.851845858424238e-17,-0.9,-0.9,-0.9,30,2000
lr,beta_2,P3,naive_ml,0.95,0.0,0.0,0.0,7.755229133522056e-17,7.654992545616199e-17,7.851845858424235e-17,-0.95,-0.95,-0.95,30,2000
lr,beta_2,P3,naive_ml,0.975,0.0,0.0,0.0,7.755229133522048e-17,7.654992545616197e-17,7.851845858424262e-17,-0.975,-0.975,-0.975,30,2000
lr,beta_2,P3,ppi,0.9,0.894,0.89125,0.901375,1.0078685529163605,1.0074388209945484,1.0085433272574758,-0.006000000000000005,-0.008750000000000008,0.0013749999999999873,30,2000
lr,beta_2,P3,ppi,0.95,0.94575,0.942375,0.9508749999999999,1.007868552916362,1.0074388209945482,1.0085433272574797,-0.004249999999999976,-0.007624999999999993,0.0008750000000000147,30,2000
lr,beta_2,P3,ppi,0.975,0.9715,0.9695,0.9735,1.0078685529163591,1.0074388209945486,1.0085433272574766,-0.0034999999999999476,-0.005499999999999949,-0.0014999999999999458,30,2000
lr,beta_2,P3,ppi_plus_plus,0.9,0.8875,0.884625,0.895125,0.9858657151168384,0.9856469154101546,0.9865204431062696,-0.012500000000000011,-0.015375000000000055,-0.004875000000000046,30,2000
lr,beta_2,P3,ppi_plus_plus,0.95,0.94075,0.937,0.944375,0.9858657151168388,0.9856469154101566,0.9865204431062704,-0.00924999999999998,-0.0129999999999999,-0.005624999999999963,30,2000
lr,beta_2,P3,ppi_plus_plus,0.975,0.969,0.9662499999999999,0.9705,0.9858657151168373,0.9856469154101546,0.9865204431062731,-0.006000000000000005,-0.008750000000000008,-0.0044999999999999485,30,2000
lr,beta_2,P4,naive_ml,0.9,0.898,0.895625,0.9023749999999999,0.03668660693172593,0.0366667045432511,0.03675826802420704,-0.0020000000000000018,-0.0043750000000000455,0.0023749999999999605,30,2000
lr,beta_2,P4,naive_ml,0.95,0.949,0.947125,0.952,0.036686606931725964,0.03666670454325114,0.036758268024206925,-0.0010000000000000009,-0.0028749999999999887,0.0020000000000000018,30,2000
lr,beta_2,P4,naive_ml,0.975,0.97525,0.973,0.9768749999999999,0.03668660693172597,0.036666704543251105,0.03675826802420704,0.000250000000000028,-0.0020000000000000018,0.0018750000000000155,30,2000
lr,beta_2,P4,ppi,0.9,0.89375,0.889,0.899875,1.0153037486386403,1.014802521720389,1.0157524750010594,-0.006250000000000033,-0.01100000000000001,-0.000125000000000014,30,2000
lr,beta_2,P4,ppi,0.95,0.94625,0.942,0.949,1.015303748638639,1.0148025217203869,1.015752475001059,-0.0037499999999999756,-0.008000000000000007,-0.0010000000000000009,30,2000
lr,beta_2,P4,ppi,0.975,0.97125,0.969,0.974625,1.015303748638641,1.0148025217203869,1.015752475001059,-0.0037499999999999756,-0.006000000000000005,-0.00037499999999998646,30,2000
lr,beta_2,P4,ppi_plus_plus,0.9,0.88775,0.88225,0.893375,0.9865421017713124,0.9863605971516691,0.9871218688252595,-0.012250000000000039,-0.017750000000000016,-0.0066250000000000475,30,2000
lr,beta_2,P4,ppi_plus_plus,0.95,0.9405,0.936,0.9448749999999999,0.9865421017713135,0.9863605971516693,0.9871218688252569,-0.009499999999999953,-0.013999999999999901,-0.005124999999999991,30,2000
lr,beta_2,P4,ppi_plus_plus,0.975,0.96825,0.966,0.9705,0.9865421017713112,0.9863605971516717,0.9871218688252585,-0.006749999999999978,-0.009000000000000008,-0.0044999999999999485,30,2000
lr,beta_2,baseline,classic,0.9,0.888,0.8837499999999999,0.89275,1.0,1.0,1.0,-0.01200000000000001,-0.01625000000000007,-0.0072500000000000064,30,2000
lr,beta_2,baseline,classic,0.95,0.94025,0.93775,0.944,1.0,1.0,1.0,-0.009749999999999981,-0.012249999999999955,-0.006000000000000005,30,2000
lr,beta_2,baseline,classic,0.975,0.9685,0.9655,0.970375,1.0,1.0,1.0,-0.00649999999999995,-0.009499999999999953,-0.0046249999999999625,30,2000
mean,theta,P1,naive_ml,0.9,0.8987499999999999,0.895125,0.9023749999999999,0.1633722442101434,0.16320489924775317,0.16355031508404333,-0.0012500000000000289,-0.004875000000000018,0.0023749999999999605,30,2000
mean,theta,P1,naive_ml,0.95,0.94975,0.946125,0.951375,0.16337224421014399,0.1632048992477534,0.1635503150840435,-0.00024999999999997247,-0.0038749999999999896,0.0013750000000000429,30,2000
mean,theta,P1,naive_ml,0.975,0.9745,0.972125,0.977,0.16337224421014396,0.16320489924775286,0.16355031508404377,-0.0004999999999999449,-0.0028749999999999887,0.0020000000000000018,30,2000
mean,theta,P1,ppi,0.9,0.8975,0.892875,0.9023749999999999,0.8731960288032543,0.8725009041539582,0.874006178430139,-0.0025000000000000577,-0.007125000000000048,0.0023749999999999605,30,2000
mean,theta,P1,ppi,0.95,0.9472499999999999,0.9435,0.949875,0.8731960288032534,0.8725009041539573,0.874006178430139,-0.0027499999999999747,-0.006500000000000006,-0.00012499999999998623,30,2000
mean,theta,P1,ppi,0.975,0.9730000000000001,0.969625,0.975,0.873196028803253,0.8725009041539562,0.8740061784301404,-0.0019999999999999463,-0.005374999999999963,0.0,30,2000
mean,theta,P1,ppi_plus_plus,0.9,0.8945,0.8897499999999999,0.89725,0.8665784610895488,0.8660045242974708,0.8671823471012909,-0.00550000000000006,-0.010250000000000065,-0.002750000000000058,30,2000
mean,theta,P1,ppi_plus_plus,0.95,0.9455,0.9416249999999999,0.9485,0.8665784610895493,0.8660045242974681,0.867182347101289,-0.004500000000000004,-0.008374999999999966,-0.0014999999999999458,30,2000
mean,theta,P1,ppi_plus_plus,0.975,0.971,0.967375,0.973375,0.8665784610895485,0.8660045242974694,0.8671823471012876,-0.0040000000000000036,-0.007624999999999993,-0.0016249999999999598,30,2000
mean,theta,P2,naive_ml,0.9,0.21175,0.2065,0.219375,0.16334111620113284,0.16317695355257106,0.163522424169459,-0.68825,-0.6935,-0.680625,30,2000
mean,theta,P2,naive_ml,0.95,0.313,0.309,0.324625,0.16334111620113317,0.1631769535525712,0.16352242416945856,-0.637,-0.641,-0.625375,30,2000
mean,theta,P2,naive_ml,0.975,0.4165,0.41225,0.425375,0.16334111620113323,0.16317695355257125,0.16352242416945917,-0.5585,-0.56275,-0.5496249999999999,30,2000
mean,theta,P2,ppi,0.9,0.89625,0.893125,0.9023749999999999,0.8731216493153893,0.8724058425012462,0.8739005608967434,-0.003750000000000031,-0.00687500000000002,0.0023749999999999605,30,2000
mean,theta,P2,ppi,0.95,0.9475,0.943375,0.9495,0.8731216493153897,0.8724058425012473,0.873900560896746,-0.0024999999999999467,-0.006624999999999992,-0.0004999999999999449,30,2000
mean,theta,P2,ppi,0.975,0.97325,0.969125,0.9745,0.8731216493153896,0.8724058425012463,0.8739005608967447,-0.0017499999999999738,-0.005874999999999991,-0.0004999999999999449,30,2000
mean,theta,P2,ppi_plus_plus,0.9,0.8939999999999999,0.888875,0.8965,0.8665227506101023,0.865938677983758,0.867131598660317,-0.006000000000000061,-0.011125000000000052,-0.0035000000000000586,30,2000
mean,theta,P2,ppi_plus_plus,0.95,0.94575,0.9415,0.948,0.8665227506101019,0.8659386779837583,0.867131598660316,-0.004249999999999976,-0.008499999999999952,-0.0020000000000000018,30,2000
mean,theta,P2,ppi_plus_plus,0.975,0.971,0.967625,0.973375,0.8665227506101014,0.8659386779837588,0.8671315986603146,-0.0040000000000000036,-0.007374999999999965,-0.0016249999999999598,30,2000
mean,theta,P3,naive_ml,0.9,0.8975,0.895125,0.90375,0.1558243213359668,0.1556657292080309,0.15599524282569188,-0.0025000000000000022,-0.004875000000000018,0.0037500000000000033,30,2000
mean,theta,P3,naive_ml,0.95,0.949,0.94575,0.952,0.15582432133596671,0.1556657292080309,0.15599524282569152,-0.0010000000000000009,-0.004249999999999948,0.0020000000000000018,30,2000
mean,theta,P3,naive_ml,0.975,0.974,0.9725,0.9765,0.15582432133596666,0.15566572920803073,0.15599524282569205,-0.0010000000000000009,-0.0024999999999999467,0.0015000000000000568,30,2000
mean,theta,P3,ppi,0.9,0.8967499999999999,0.8935,0.90125,0.8732552671322567,0.8724973218423455,0.8739307326670306,-0.0032500000000000306,-0.006500000000000061,0.0012499999999999456,30,2000
mean,theta,P3,ppi,0.95,0.9475,0.944125,0.94975,0.8732552671322562,0.8724973218423437,0.87393073266703,-0.0024999999999999467,-0.005874999999999991,-0.0002500000000000002,30,2000
mean,theta,P3,ppi,0.975,0.973,0.9705,0.975875,0.8732552671322578,0.8724973218423444,0.8739307326670275,-0.0020000000000000018,-0.0044999999999999485,0.0008750000000000147,30,2000
mean,theta,P3,ppi_plus_plus,0.9,0.894,0.889,0.896875,0.8684150000247397,0.8676890018721297,0.8689090296362282,-0.006000000000000005,-0.01100000000000001,-0.0031250000000000167,30,2000
mean,theta,P3,ppi_plus_plus,0.95,0.9452499999999999,0.9412499999999999,0.9485,0.8684150000247379,0.8676890018721282,0.8689090296362278,-0.0047499999999999765,-0.008750000000000008,-0.0014999999999999458,30,2000
mean,theta,P3,ppi_plus_plus,0.975,0.97175,0.968125,0.97375,0.8684150000247397,0.8676890018721294,0.8689090296362266,-0.003249999999999975,-0.006874999999999992,-0.0012500000000000011,30,2000
mean,theta,P4,naive_ml,0.9,0.89775,0.89225,0.903,0.16634405636016247,0.16614794270945227,0.16649887123094467,-0.0022500000000000298,-0.007750000000000007,0.002999999999999947,30,2000
mean,theta,P4,naive_ml,0.95,0.949,0.946625,0.951,0.16634405636016292,0.16614794270945174,0.1664988712309446,-0.0010000000000000009,-0.0033749999999999614,0.0010000000000000009,30,2000
mean,theta,P4,naive_ml,0.975,0.974,0.9725,0.9768749999999999,0.16634405636016264,0.16614794270945193,0.1664988712309449,-0.0009999999999999454,-0.0024999999999999467,0.0018750000000000155,30,2000
mean,theta,P4,ppi,0.9,0.8985,0.891625,0.90225,0.8793422386341314,0.8786635652025078,0.8801712462782922,-0.0015000000000000568,-0.008375000000000049,0.0022499999999999465,30,2000
mean,theta,P4,ppi,0.95,0.948,0.944125,0.95,0.879342238634129,0.8786635652025055,0.8801712462782937,-0.0020000000000000018,-0.005874999999999991,0.0,30,2000
mean,theta,P4,ppi,0.975,0.973,0.9715,0.9755,0.8793422386341312,0.8786635652025077,0.8801712462782927,-0.0020000000000000018,-0.0034999999999999476,0.000500000000000056,30,2000
mean,theta,P4,ppi_plus_plus,0.9,0.8927499999999999,0.889,0.897,0.8710459385743927,0.8705816655076667,0.8717070801793174,-0.007250000000000034,-0.01100000000000001,-0.0030000000000000027,30,2000
mean,theta,P4,ppi_plus_plus,0.95,0.9452499999999999,0.942625,0.948375,0.8710459385743936,0.8705816655076631,0.8717070801793176,-0.0047499999999999765,-0.007374999999999965,-0.0016249999999999598,30,2000
mean,theta,P4,ppi_plus_plus,0.975,0.9710000000000001,0.968125,0.973875,0.8710459385743934,0.8705816655076656,0.8717070801793168,-0.003999999999999948,-0.006874999999999992,-0.0011249999999999871,30,2000
mean,theta,baseline,classic,0.9,0.897,0.8935,0.900875,1.0,1.0,1.0,-0.0030000000000000027,-0.006500000000000061,0.0008749999999999869,30,2000
mean,theta,baseline,classic,0.95,0.94475,0.9415,0.9495,1.0,1.0,1.0,-0.005249999999999977,-0.008499999999999952,-0.0004999999999999449,30,2000
mean,theta,baseline,classic,0.975,0.97075,0.9685,0.973875,1.0,1.0,1.0,-0.004249999999999976,-0.00649999999999995,-0.0011249999999999871,30,2000
