scenario,target,profile,method,confidence_level,seed0_average_ci_width,seed0_empirical_coverage,average_ci_width_median_seed1_29,average_ci_width_q25_seed1_29,average_ci_width_q75_seed1_29,average_ci_width_min_seed1_29,average_ci_width_max_seed1_29,empirical_coverage_median_seed1_29,empirical_coverage_q25_seed1_29,empirical_coverage_q75_seed1_29,empirical_coverage_min_seed1_29,empirical_coverage_max_seed1_29
logistic_glm,beta_0,P1,naive_ml,0.9,0.009499544884157421,0.8765,0.009498119571230822,0.009493464716631001,0.009503680497076498,0.009484017672790484,0.009510297775993867,0.8995,0.8915,0.901,0.8825,0.908
logistic_glm,beta_0,P1,naive_ml,0.95,0.011319405895695297,0.937,0.011317707530590308,0.011312160929227459,0.011324333782434012,0.01130090408218378,0.01133221875659903,0.949,0.9435,0.952,0.938,0.96
logistic_glm,beta_0,P1,naive_ml,0.975,0.012944802786992487,0.9715,0.012942860547130477,0.012936517488012191,0.012950438287881534,0.012923644227142667,0.012959455495718015,0.974,0.9705,0.976,0.964,0.98
logistic_glm,beta_0,P1,ppi,0.9,1.3333965603759004,0.9265,1.3368383768115515,1.333699360027621,1.3381546787002863,1.3290720529888922,1.3428180868141237,0.9205,0.917,0.926,0.911,0.934
logistic_glm,beta_0,P1,ppi,0.95,1.5888399992709228,0.973,1.592941176509277,1.5892008073101211,1.5945096469509192,1.583687030890923,1.6000664404543448,0.9695,0.967,0.9725,0.963,0.9775
logistic_glm,beta_0,P1,ppi,0.975,1.816987626397332,0.99,1.8216777073993071,1.8174002442462192,1.823471400525192,1.8110947235311077,1.8298261153125825,0.9905,0.9895,0.9925,0.984,0.994
logistic_glm,beta_0,P1,ppi_plus_plus,0.9,1.276379618606016,0.9085,1.2802220241387294,1.2777242533770286,1.2811785900529338,1.2753523997807619,1.28433109093353,0.909,0.904,0.9115,0.897,0.919
logistic_glm,beta_0,P1,ppi_plus_plus,0.95,1.5209001227089551,0.959,1.5254786312976312,1.522502353862152,1.5266184498869306,1.5196761159835253,1.5303748863782756,0.9575,0.954,0.962,0.9505,0.967
logistic_glm,beta_0,P1,ppi_plus_plus,0.975,1.7392920024775496,0.983,1.7445279566685314,1.7411243041450077,1.745831446179146,1.737892235933558,1.7501272837885056,0.9805,0.9795,0.982,0.975,0.985
logistic_glm,beta_0,P2,naive_ml,0.9,0.004896705916911979,0.0,0.004887224044168001,0.004885178088210218,0.004891434948561105,0.00488037961786916,0.004900820284887844,0.0,0.0,0.0,0.0,0.0
logistic_glm,beta_0,P2,naive_ml,0.95,0.005834784981943452,0.0,0.005823486633701565,0.005821048726810969,0.005828504235765122,0.005815330996737447,0.005839687553770941,0.0,0.0,0.0,0.0,0.0
logistic_glm,beta_0,P2,naive_ml,0.975,0.0066726241281344165,0.0,0.0066597034067504704,0.006656915431462489,0.006665441505531896,0.006650376670605871,0.006678230679047132,0.0,0.0,0.0,0.0,0.0
logistic_glm,beta_0,P2,ppi,0.9,1.3357774089416246,0.924,1.3398447577764816,1.3370465166739385,1.3411924382844536,1.3330155882764887,1.3455063374029044,0.9195,0.916,0.9255,0.9045,0.9315
logistic_glm,beta_0,P2,ppi,0.95,1.5916769553167371,0.9715,1.596523500382062,1.593189190452489,1.5981293607546863,1.5883860430150438,1.6032696886030502,0.97,0.9655,0.9725,0.9615,0.976
logistic_glm,beta_0,P2,ppi,0.975,1.8202319518386865,0.9905,1.8257744308916515,1.8219613346155084,1.8276108829120736,1.816468484822195,1.8334893301442603,0.99,0.9885,0.991,0.982,0.9935
logistic_glm,beta_0,P2,ppi_plus_plus,0.9,1.2827099385187628,0.9085,1.2859602960206307,1.283611758484382,1.2876303282595674,1.281346843579435,1.2906978081230458,0.9075,0.9025,0.911,0.894,0.9195
logistic_glm,beta_0,P2,ppi_plus_plus,0.95,1.528443164129969,0.9595,1.5323162039774987,1.529517748897996,1.534306170128714,1.5268189363295002,1.5379612978295638,0.957,0.9535,0.961,0.9505,0.964
logistic_glm,beta_0,P2,ppi_plus_plus,0.975,1.7479181781363153,0.9825,1.752347362624835,1.7491470666511566,1.7546230756452526,1.7460607212386714,1.7588030571464763,0.98,0.979,0.9815,0.9725,0.984
logistic_glm,beta_0,P3,naive_ml,0.9,0.0028158673499703566,0.0,0.0028124838411792063,0.002810391255863929,0.002813336359899613,0.002808066731257744,0.0028179971584556115,0.0,0.0,0.0,0.0,0.0
logistic_glm,beta_0,P3,naive_ml,0.95,0.0033553128988218356,0.0,0.003351281199427198,0.00334878773023012,0.0033522970381381894,0.003346017888321602,0.003357850722161645,0.0,0.0,0.0,0.0,0.0
logistic_glm,beta_0,P3,naive_ml,0.975,0.003837115142272464,0.0,0.003832504515704169,0.003829652999705098,0.0038336662225903952,0.003826485425577327,0.0038400173813956853,0.0,0.0,0.0,0.0,0.0
logistic_glm,beta_0,P3,ppi,0.9,1.3432655114462768,0.923,1.3474743236619648,1.344323943783361,1.3492875427036022,1.3374395529366503,1.3559395759616049,0.921,0.917,0.9265,0.9125,0.934
logistic_glm,beta_0,P3,ppi,0.95,1.6005995797868904,0.976,1.605614688867289,1.601860779705703,1.6077752726173902,1.593657522045589,1.6157016591334998,0.97,0.9685,0.9735,0.9645,0.9785
logistic_glm,beta_0,P3,ppi,0.975,1.8304358101659597,0.9905,1.8361710579871946,1.8318781106165662,1.8386418882416817,1.822496915737653,1.847706454987494,0.9905,0.9885,0.992,0.9865,0.994
logistic_glm,beta_0,P3,ppi_plus_plus,0.9,1.2780164846841096,0.9065,1.281649728849926,1.2794496075212043,1.2827925610932702,1.2768524031566584,1.2864208447269834,0.9075,0.902,0.912,0.895,0.9185
logistic_glm,beta_0,P3,ppi_plus_plus,0.95,1.5228505689419871,0.96,1.5271798463897555,1.5245582401293203,1.528541614999809,1.5214634802482108,1.5328649816090096,0.958,0.954,0.961,0.951,0.968
logistic_glm,beta_0,P3,ppi_plus_plus,0.975,1.7415225207632177,0.983,1.7464734557582162,1.7434754030035768,1.748030765944025,1.7399362546857862,1.7529749413404776,0.981,0.979,0.9825,0.976,0.985
logistic_glm,beta_0,P4,naive_ml,0.9,0.0950300510659213,0.877,0.09500777046197799,0.0949698368756725,0.09506729469993366,0.09486814131737581,0.09513171677355275,0.8995,0.8915,0.9015,0.8825,0.907
logistic_glm,beta_0,P4,naive_ml,0.95,0.1132352900503427,0.9375,0.11320874107323761,0.11316354041723699,0.11327966857747816,0.11304236268544186,0.11335643221287636,0.9485,0.9435,0.9515,0.9385,0.96
logistic_glm,beta_0,P4,naive_ml,0.975,0.12949517949409484,0.9725,0.12946481824757827,0.1294131270560821,0.12954593050408933,0.12927454894918192,0.12963371692420697,0.974,0.9705,0.976,0.9645,0.98
logistic_glm,beta_0,P4,ppi,0.9,1.386961642095735,0.932,1.3882520741928899,1.3837849981477583,1.3904145821188287,1.3775788476404152,1.397718638014358,0.926,0.922,0.9295,0.912,0.9385
logistic_glm,beta_0,P4,ppi,0.95,1.6526667308898357,0.976,1.6542043755735163,1.6488815261593155,1.6567811627001492,1.6414864417106338,1.6654844821090833,0.9735,0.9715,0.976,0.9665,0.98
logistic_glm,beta_0,P4,ppi,0.975,1.8899794831218322,0.992,1.8917379241009953,1.8856507463315453,1.8946847219705731,1.877193773354034,1.9046377843820583,0.9925,0.991,0.9935,0.9885,0.996
logistic_glm,beta_0,P4,ppi_plus_plus,0.9,1.2835704953776987,0.9105,1.2872306760173717,1.2841884494306588,1.2879750646101051,1.2823481511619426,1.2921557525063925,0.9085,0.9045,0.914,0.897,0.922
logistic_glm,beta_0,P4,ppi_plus_plus,0.95,1.5294685808737616,0.961,1.5338299551098153,1.5302049185442115,1.534716948826675,1.528012067904866,1.5396985457135142,0.957,0.954,0.9615,0.95,0.965
logistic_glm,beta_0,P4,ppi_plus_plus,0.975,1.7490908384018111,0.98,1.75407847908598,1.7499329096214857,1.7550928396313867,1.7474251791514226,1.760789763114708,0.981,0.9805,0.983,0.9745,0.987
logistic_glm,beta_0,baseline,classic,0.9,1.3182137251536048,0.9055,1.3212308178109358,1.3198692193911692,1.3234934647949246,1.314906497774623,1.330325552995347,0.9045,0.899,0.9085,0.893,0.9185
logistic_glm,beta_0,baseline,classic,0.95,1.570748535245604,0.9575,1.5743436228871448,1.5727211782997217,1.5770397330611288,1.5668077307598558,1.585180668274217,0.9555,0.9525,0.9595,0.948,0.9655
logistic_glm,beta_0,baseline,classic,0.975,1.7962983396897352,0.98,1.8004096597493318,1.798554242123127,1.803492914720112,1.7917916599787889,1.8128028380328922,0.979,0.9785,0.9815,0.9725,0.984
logistic_glm,beta_1,P1,naive_ml,0.9,0.012356112105101574,0.887,0.012360039865615464,0.012355626703679071,0.012364126376614031,0.012347600401320822,0.01237933309581963,0.8975,0.895,0.904,0.8865,0.908
logistic_glm,beta_1,P1,naive_ml,0.95,0.014723215682007325,0.941,0.014727895897329184,0.014722637290537926,0.01473276527552091,0.014713073361387372,0.014750885199067662,0.9495,0.946,0.952,0.94,0.9585
logistic_glm,beta_1,P1,naive_ml,0.975,0.01683737867076745,0.9695,0.016842730936151365,0.016836717225849417,0.016848299527026905,0.016825779975443926,0.01686902135986775,0.974,0.9715,0.9765,0.9655,0.986
logistic_glm,beta_1,P1,ppi,0.9,1.7190974847933778,0.916,1.7222590368522988,1.7179652419196578,1.7268749705446726,1.714351639892481,1.733133078157039,0.9165,0.9145,0.9205,0.911,0.935
logistic_glm,beta_1,P1,ppi,0.95,2.048430997688899,0.9715,2.0521982193244326,2.0470818470910155,2.057698443565569,2.0427759746950236,2.0651554387234583,0.968,0.9665,0.971,0.962,0.9755
logistic_glm,beta_1,P1,ppi,0.975,2.3425730583553936,0.992,2.346881229789156,2.341030178050501,2.35317125231699,2.3361060089284083,2.361699025999811,0.989,0.988,0.9905,0.985,0.9945
logistic_glm,beta_1,P1,ppi_plus_plus,0.9,1.6191150719360512,0.902,1.6234497536321622,1.6216217024881412,1.626013990113688,1.6182541011130376,1.630117240105905,0.905,0.901,0.908,0.893,0.9135
logistic_glm,beta_1,P1,ppi_plus_plus,0.95,1.9292946045917447,0.957,1.934459696408802,1.932281439118627,1.9375151726343398,1.9282686945793344,1.9424044965671994,0.9535,0.952,0.956,0.9465,0.9645
logistic_glm,beta_1,P1,ppi_plus_plus,0.975,2.2063294138030995,0.984,2.212236180957186,2.2097451393512535,2.215730404728682,2.205156189438652,2.2213218054307924,0.979,0.9765,0.9815,0.9745,0.985
logistic_glm,beta_1,P2,naive_ml,0.9,0.00771870055459601,0.015,0.007714860370317878,0.007712012616888321,0.007719007840629618,0.00770275978906053,0.007726159590692975,0.013,0.0115,0.0145,0.006,0.0185
logistic_glm,beta_1,P2,naive_ml,0.95,0.009197398994399305,0.033,0.00919282313259874,0.00918942982509259,0.009197765148292226,0.009178404400701971,0.00920628698410846,0.0275,0.0255,0.029,0.0195,0.034
logistic_glm,beta_1,P2,naive_ml,0.975,0.010518088778940183,0.0545,0.01051285585159975,0.01050897528605881,0.010518507510274397,0.010496366678708324,0.010528253029168306,0.0515,0.048,0.0555,0.045,0.0615
logistic_glm,beta_1,P2,ppi,0.9,1.7368836772025995,0.916,1.7419935861424787,1.737527669053554,1.743454847915852,1.733388014627057,1.7524430281391061,0.92,0.9175,0.9245,0.9105,0.934
logistic_glm,beta_1,P2,ppi,0.95,2.0696245531354047,0.97,2.075713385188503,2.070391916755804,2.077454585986473,2.0654592142639685,2.088164663306108,0.969,0.968,0.972,0.964,0.9755
logistic_glm,beta_1,P2,ppi,0.975,2.366809877684798,0.992,2.3737730284770664,2.3676874299895356,2.375764254973392,2.3620464218348527,2.3880122333579195,0.9895,0.988,0.99,0.9855,0.9945
logistic_glm,beta_1,P2,ppi_plus_plus,0.9,1.6222054931907315,0.902,1.6267641516272677,1.624695704486308,1.6300946580203113,1.6223810764735562,1.634143068080894,0.9045,0.9015,0.9075,0.8945,0.9155
logistic_glm,beta_1,P2,ppi_plus_plus,0.95,1.9329770686462835,0.959,1.9384090452106688,1.9359443384222972,1.942377588352554,1.933186289032212,1.9472015664764244,0.953,0.951,0.956,0.947,0.9645
logistic_glm,beta_1,P2,ppi_plus_plus,0.975,2.210540656989844,0.983,2.2167526318953596,2.213934008409548,2.2212910333624314,2.2107799201331386,2.226807705000309,0.979,0.9775,0.9815,0.9745,0.985
logistic_glm,beta_1,P3,naive_ml,0.9,0.004479032953348675,0.0,0.004479981623561692,0.004475754986351942,0.004481880956981092,0.004467383264124214,0.004486509491423335,0.0,0.0,0.0,0.0,0.0
logistic_glm,beta_1,P3,naive_ml,0.95,0.005337096949107733,0.0,0.005338227359388776,0.005333191010517926,0.005340490554748919,0.0053232154882063495,0.005346005793709616,0.0,0.0,0.0,0.0,0.0
logistic_glm,beta_1,P3,naive_ml,0.975,0.00610347116252208,0.0,0.006104763892749378,0.006099004355234752,0.006107352069008419,0.006087596409428191,0.0061136592622769775,0.0,0.0,0.0,0.0,0.0
logistic_glm,beta_1,P3,ppi,0.9,1.7424744516653898,0.9185,1.7451420350176858,1.7418685589816203,1.7514768586848866,1.7349121689494367,1.7601406047152504,0.92,0.9175,0.9245,0.913,0.9335
logistic_glm,beta_1,P3,ppi,0.95,2.0762863718001197,0.9725,2.0794649934176297,2.075564406137509,2.087013401393074,2.0672753561563506,2.0973368915276804,0.9705,0.9695,0.973,0.9655,0.977
logistic_glm,beta_1,P3,ppi,0.975,2.3744282924330777,0.9915,2.378063344515514,2.3736026569529445,2.3866956573328366,2.3641233505046726,2.398501536996263,0.99,0.9885,0.991,0.9865,0.9955
logistic_glm,beta_1,P3,ppi_plus_plus,0.9,1.6224730553450772,0.902,1.6274584403166228,1.6252781067379563,1.6296000620567033,1.622596642815653,1.6338557098206359,0.905,0.9015,0.9085,0.894,0.9135
logistic_glm,beta_1,P3,ppi_plus_plus,0.95,1.9332958886175817,0.9575,1.939236341210571,1.936638313508623,1.9417882409117302,1.933443152171804,1.9468591579900163,0.9545,0.952,0.957,0.9495,0.9635
logistic_glm,beta_1,P3,ppi_plus_plus,0.975,2.2109052575431796,0.984,2.217698722499757,2.2147276340392206,2.220617059263014,2.211073667235762,2.226416128766531,0.9795,0.978,0.9815,0.975,0.9875
logistic_glm,beta_1,P4,naive_ml,0.9,0.12362705777606954,0.886,0.12365620743766192,0.12362559810249027,0.12370279470055953,0.12352999436079161,0.1238567579813495,0.897,0.8945,0.9025,0.8865,0.9085
logistic_glm,beta_1,P4,naive_ml,0.95,0.14731072527397454,0.9415,0.147345459238108,0.1473089859656263,0.14740097138576672,0.1471950670810243,0.14758442995031337,0.95,0.946,0.9515,0.9405,0.957
logistic_glm,beta_1,P4,naive_ml,0.975,0.16846363710710446,0.9695,0.16850335865431748,0.16846164804480152,0.16856684200409333,0.16833137111079344,0.16877664408730564,0.974,0.9715,0.977,0.965,0.9845
logistic_glm,beta_1,P4,ppi,0.9,1.7940038380259773,0.925,1.8013841278448033,1.7946256931932791,1.8036865419486308,1.7857848782546468,1.811449157711794,0.924,0.9205,0.9265,0.9145,0.9345
logistic_glm,beta_1,P4,ppi,0.95,2.1376874227856666,0.968,2.1464815805169994,2.1384284089205656,2.1492250761369442,2.1278939281681266,2.158474803329893,0.9715,0.971,0.9735,0.964,0.9795
logistic_glm,beta_1,P4,ppi,0.975,2.444646155741979,0.994,2.4547031002988606,2.4454935429169358,2.457840544973467,2.433446375683936,2.468418475957612,0.9905,0.9895,0.992,0.9865,0.9945
logistic_glm,beta_1,P4,ppi_plus_plus,0.9,1.6296714794901677,0.9055,1.6351264677109671,1.6328467963603457,1.6383187848158454,1.6286095671410774,1.6432613017055662,0.906,0.902,0.9075,0.8895,0.9145
logistic_glm,beta_1,P4,ppi_plus_plus,0.95,1.9418733400325012,0.9555,1.948373359410323,1.945656963452288,1.952177239859178,1.9406079934236282,1.958066611982091,0.953,0.9525,0.956,0.946,0.963
logistic_glm,beta_1,P4,ppi_plus_plus,0.975,2.22071437809281,0.9835,2.2281477601742403,2.225041306505901,2.232497854400875,2.219267335513015,2.239232904046834,0.979,0.977,0.9815,0.9745,0.985
logistic_glm,beta_1,baseline,classic,0.9,1.6825471418123963,0.8985,1.6958074209498226,1.6934808038654654,1.6988638861214054,1.6871525569440922,1.709218841554642,0.899,0.8965,0.9045,0.889,0.9085
logistic_glm,beta_1,baseline,classic,0.95,2.004878577770489,0.9535,2.0206791749230004,2.0179068396729525,2.024321177808941,2.0103662683735206,2.036659868242008,0.952,0.949,0.9535,0.9455,0.96
logistic_glm,beta_1,baseline,classic,0.975,2.2927667794804125,0.9815,2.310836244957731,2.307665819459962,2.315001217001543,2.2990424686170083,2.3291116673005763,0.978,0.9755,0.98,0.972,0.9845
logistic_glm,beta_2,P1,naive_ml,0.9,0.01358523097517999,0.8965,0.013590506937491958,0.013585737944016177,0.013595699113735567,0.013580843668607772,0.013606801488483778,0.8985,0.897,0.903,0.885,0.911
logistic_glm,beta_2,P1,naive_ml,0.95,0.01618780114943098,0.947,0.01619408784628094,0.016188405240058823,0.016200274705872673,0.016182573351206386,0.016213504001350864,0.949,0.948,0.9515,0.942,0.959
logistic_glm,beta_2,P1,naive_ml,0.975,0.01851226958069628,0.9765,0.018519459008450184,0.018512960415013394,0.018526534262931174,0.018506291102881184,0.018541663203668356,0.9745,0.972,0.9775,0.967,0.985
logistic_glm,beta_2,P1,ppi,0.9,1.9031900526226166,0.92,1.9099792756702125,1.9074847346770878,1.9125558457875347,1.9051577368407295,1.9192863491876042,0.9095,0.905,0.915,0.898,0.9225
logistic_glm,beta_2,P1,ppi,0.95,2.2677908220858773,0.9705,2.2758806803190184,2.2729082513901577,2.2789508529780536,2.2701354624461247,2.2869707424355887,0.9615,0.9575,0.964,0.952,0.9685
logistic_glm,beta_2,P1,ppi,0.975,2.5934316009656633,0.9885,2.6026831129591135,2.5992838615640363,2.6061941434813343,2.59611291722462,2.6153656396144265,0.983,0.982,0.9855,0.977,0.991
logistic_glm,beta_2,P1,ppi_plus_plus,0.9,1.8549780020920048,0.9155,1.8592808406601637,1.8582879856266978,1.8604703323794356,1.856976582711102,1.8642972168613903,0.903,0.8995,0.9075,0.892,0.9155
logistic_glm,beta_2,P1,ppi_plus_plus,0.95,2.210342620548364,0.9665,2.215469768938159,2.2142867091962053,2.2168871357430207,2.212724076241102,2.221447149858993,0.954,0.9515,0.958,0.9415,0.9615
logistic_glm,beta_2,P1,ppi_plus_plus,0.975,2.5277341919123035,0.9835,2.533597567196936,2.5322446273707624,2.5352184591354994,2.5304576099584857,2.540433263161537,0.979,0.9765,0.981,0.9705,0.983
logistic_glm,beta_2,P2,naive_ml,0.9,0.006813216877602158,0.116,0.006809234914603076,0.006807107002540292,0.006812254823774413,0.0067963439129289805,0.006821824772117866,0.11,0.104,0.1135,0.096,0.121
logistic_glm,beta_2,P2,naive_ml,0.95,0.00811844864500801,0.1905,0.008113703843441416,0.008111168279828315,0.008117302287166396,0.008098343267526393,0.008128705583958104,0.1805,0.1765,0.1855,0.166,0.195
logistic_glm,beta_2,P2,naive_ml,0.975,0.009284207812171564,0.274,0.009278781686356392,0.009275882031442709,0.009282896844412303,0.009261215426453076,0.009295937584310706,0.266,0.262,0.2705,0.2445,0.291
logistic_glm,beta_2,P2,ppi,0.9,1.9209981587496028,0.919,1.9295026069434336,1.9268389456180752,1.9325816793259836,1.922979956904446,1.9406353750130203,0.9115,0.9085,0.915,0.8965,0.9235
logistic_glm,beta_2,P2,ppi,0.95,2.289010489337637,0.971,2.2991441643924664,2.2959702161583184,2.3028131054317873,2.2913719474907976,2.3124096757468604,0.9625,0.9585,0.965,0.9505,0.9685
logistic_glm,beta_2,P2,ppi,0.975,2.617698281594561,0.989,2.6292870899031375,2.625657382273095,2.6334828682530578,2.62039883057779,2.644457446893034,0.9835,0.982,0.986,0.9785,0.9895
logistic_glm,beta_2,P2,ppi_plus_plus,0.9,1.8563664186761801,0.916,1.8604441264403886,1.8593084827985935,1.8625928551472348,1.8581326125101494,1.8660494613652778,0.902,0.9,0.907,0.891,0.9145
logistic_glm,beta_2,P2,ppi_plus_plus,0.95,2.2119970209496733,0.9645,2.216855909440649,2.2155027065776487,2.2194162776150277,2.2141015707087317,2.2235350779660643,0.955,0.951,0.957,0.939,0.961
logistic_glm,beta_2,P2,ppi_plus_plus,0.975,2.5296261540102267,0.9845,2.5351827489286554,2.5336352344783606,2.538110770185679,2.5320329041380583,2.5428210048706488,0.9785,0.976,0.9805,0.972,0.9835
logistic_glm,beta_2,P3,naive_ml,0.9,0.003974838636027109,0.0,0.003971557042376412,0.003969635203201363,0.0039735472352578054,0.0039671406138153485,0.003978959271176187,0.0,0.0,0.0,0.0,0.0
logistic_glm,beta_2,P3,naive_ml,0.95,0.004736312364407925,0.0,0.004732402104393356,0.004730112091771284,0.004734773565480178,0.004727139605178737,0.004741222404032893,0.0,0.0,0.0,0.0,0.0
logistic_glm,beta_2,P3,naive_ml,0.975,0.005416417615890107,0.0,0.005411945866648086,0.005409327022333677,0.005414657854924567,0.005405927704994753,0.005422032706929976,0.0,0.0,0.0,0.0,0.0
logistic_glm,beta_2,P3,ppi,0.9,1.913853211432365,0.925,1.9209702251309753,1.9189619389979586,1.9256668815251354,1.9155462063373883,1.9357981771797674,0.912,0.909,0.9185,0.903,0.9245
logistic_glm,beta_2,P3,ppi,0.95,2.2804967594933787,0.973,2.288977204378068,2.286584183852193,2.294573615651076,2.2825140873488623,2.3066457990201283,0.963,0.959,0.9655,0.953,0.97
logistic_glm,beta_2,P3,ppi,0.975,2.6079620326402155,0.989,2.617660217120036,2.614923573601966,2.624060238544433,2.6102690363369327,2.6378659130083344,0.9845,0.9815,0.986,0.9785,0.991
logistic_glm,beta_2,P3,ppi_plus_plus,0.9,1.853054865989773,0.916,1.857430335656708,1.8562798875614226,1.8585849452545458,1.8549744111936812,1.862140694953337,0.902,0.8995,0.9065,0.89,0.915
logistic_glm,beta_2,P3,ppi_plus_plus,0.95,2.2080510625422383,0.9655,2.213264756224229,2.2118939127668575,2.21464055841774,2.2103383417290865,2.2188774955126176,0.954,0.9515,0.9575,0.9425,0.961
logistic_glm,beta_2,P3,ppi_plus_plus,0.975,2.5251135803062175,0.984,2.5310759282533684,2.5295082401281235,2.5326492871586885,2.5277292986809616,2.5374946222954837,0.9785,0.9765,0.981,0.971,0.983
logistic_glm,beta_2,P4,naive_ml,0.9,0.1359049809947011,0.8965,0.13594029962142232,0.1359129896851484,0.13601153876747704,0.13584362123543567,0.1361401734519922,0.899,0.897,0.9025,0.885,0.911
logistic_glm,beta_2,P4,naive_ml,0.95,0.16194077315128366,0.948,0.16198285789075362,0.16195031609454794,0.16206774456897774,0.1618676584885017,0.16222102224954563,0.9495,0.948,0.9515,0.942,0.96
logistic_glm,beta_2,P4,naive_ml,0.975,0.18519446965089095,0.9765,0.1852425974994541,0.18520538290196567,0.1853396733812608,0.18511085617335735,0.1855149607916503,0.975,0.972,0.9775,0.967,0.984
logistic_glm,beta_2,P4,ppi,0.9,1.9787402829857357,0.923,1.9870825461732726,1.9826911517981318,1.9910973339101194,1.9785076830941364,1.9978523598803948,0.9145,0.912,0.9195,0.903,0.9275
logistic_glm,beta_2,P4,ppi,0.95,2.3578144741052105,0.9715,2.367754893805309,2.3625222246631097,2.372538808459396,2.3575373142395075,2.3805879183615994,0.964,0.9615,0.966,0.9545,0.97
logistic_glm,beta_2,P4,ppi,0.975,2.6963820943301844,0.9905,2.7077498970066953,2.701765848840257,2.713220752307556,2.6960651360167285,2.7224256647610034,0.9865,0.9835,0.987,0.9805,0.9895
logistic_glm,beta_2,P4,ppi_plus_plus,0.9,1.8549498781163942,0.9145,1.8592384918120655,1.8577806055261514,1.8601748584597375,1.855452482539931,1.8636162845273783,0.904,0.9025,0.9065,0.89,0.9135
logistic_glm,beta_2,P4,ppi_plus_plus,0.95,2.2103091087644597,0.964,2.215419307173238,2.213682128516653,2.216535056851929,2.2109079988738682,2.220635768938105,0.955,0.951,0.957,0.94,0.9605
logistic_glm,beta_2,P4,ppi_plus_plus,0.975,2.5276958680428714,0.9845,2.533539859433714,2.531553232633468,2.5348158238865697,2.52838075507923,2.539505372943371,0.9795,0.9765,0.981,0.973,0.9845
logistic_glm,beta_2,baseline,classic,0.9,1.8834116991407817,0.9145,1.8866789581369383,1.8855511293102978,1.8891884208448495,1.8829066522663018,1.8919710956334426,0.8995,0.8965,0.9025,0.886,0.912
logistic_glm,beta_2,baseline,classic,0.95,2.244223460308079,0.9605,2.2481166395282215,2.2467727485918365,2.251106848776915,2.243621659838866,2.2544226102993767,0.9515,0.9495,0.956,0.94,0.9605
logistic_glm,beta_2,baseline,classic,0.975,2.56648011135265,0.984,2.5709323271035,2.569395461715067,2.574351911962722,2.5657918960467585,2.5781437963948584,0.9785,0.9755,0.98,0.9715,0.983
lr,beta_0,P1,naive_ml,0.9,0.002192041621369601,0.8785,0.0021916690502286774,0.002190751191957676,0.0021929822730921483,0.0021881427691904914,0.0021945020122076,0.899,0.892,0.901,0.883,0.909
lr,beta_0,P1,naive_ml,0.95,0.0026119786953079168,0.938,0.002611534749411509,0.002610441053823877,0.0026130995509682548,0.0026073329263915303,0.0026149104318170867,0.9495,0.9435,0.952,0.938,0.96
lr,beta_0,P1,naive_ml,0.975,0.002987042730523974,0.9705,0.002986535036734204,0.0029852842932039003,0.002988324534145951,0.002981729857836952,0.002990395446318806,0.974,0.97,0.9765,0.965,0.9785
lr,beta_0,P1,ppi,0.9,0.5990105861994647,0.896,0.5981088393322572,0.5969032619816638,0.5989378323646918,0.5935507187733262,0.6010250125353594,0.894,0.891,0.899,0.877,0.92
lr,beta_0,P1,ppi,0.95,0.7137651375612724,0.95,0.7126906398953791,0.7112541058785979,0.7136784460201182,0.7072593042516995,0.7161654745901549,0.9465,0.944,0.9535,0.937,0.961
lr,beta_0,P1,ppi,0.975,0.8162574102475616,0.9755,0.815028621342186,0.8133858098982472,0.816158270335638,0.8088173793896251,0.81900242087334,0.973,0.971,0.9765,0.9665,0.981
lr,beta_0,P1,ppi_plus_plus,0.9,0.5765241796549186,0.886,0.5758256344160569,0.574351316931043,0.5767625284634028,0.5719006877694617,0.5790203319710991,0.886,0.8815,0.888,0.8675,0.903
lr,beta_0,P1,ppi_plus_plus,0.95,0.6869709315316955,0.942,0.6861385635402161,0.6843818059022974,0.6872549416543785,0.6814617011480159,0.6899452804703939,0.937,0.9335,0.942,0.9225,0.952
lr,beta_0,P1,ppi_plus_plus,0.975,0.7856157214448969,0.9705,0.7846638305422154,0.782654813339638,0.7859405136699971,0.7793153995479726,0.7890171685513911,0.9655,0.9635,0.969,0.957,0.974
lr,beta_0,P2,naive_ml,0.9,4.991512689119127e-17,0.0,4.969947669961012e-17,4.943222473191954e-17,4.993073811737178e-17,4.777961126680384e-17,5.0997944276856604e-17,0.0,0.0,0.0,0.0,0.0
lr,beta_0,P2,naive_ml,0.95,5.947754218823749e-17,0.0,5.92205791358219e-17,5.8902128774715e-17,5.949614411157389e-17,5.693291837269516e-17,6.076779868459902e-17,0.0,0.0,0.0,0.0,0.0
lr,beta_0,P2,naive_ml,0.975,6.801815050863725e-17,0.0,6.772428914632618e-17,6.736011127692524e-17,6.803942355346566e-17,6.510813440330378e-17,6.949367988216977e-17,0.0,0.0,0.0,0.0,0.0
lr,beta_0,P2,ppi,0.9,0.5994887298266037,0.8995,0.5986238780994152,0.5974479968494371,0.5995809628614758,0.593939634915625,0.6016520810082474,0.894,0.8915,0.9015,0.88,0.9185
lr,beta_0,P2,ppi,0.95,0.7143348808340344,0.9505,0.7133043464390665,0.7119031975086756,0.7144447832737222,0.7077227264185246,0.7169126727618155,0.9465,0.944,0.9515,0.9375,0.961
lr,beta_0,P2,ppi,0.975,0.8169089651412597,0.976,0.8157304523614395,0.8141281070841146,0.8170346488936313,0.8093473461221493,0.8198569120952336,0.9735,0.9715,0.977,0.967,0.9805
lr,beta_0,P2,ppi_plus_plus,0.9,0.5766031695310848,0.8855,0.5759386940386678,0.574565034956072,0.5770049652667624,0.5722775401793957,0.5792863300624035,0.886,0.881,0.887,0.868,0.903
lr,beta_0,P2,ppi_plus_plus,0.95,0.6870650537744839,0.9405,0.6862732823898435,0.6846364666362628,0.6875438229234009,0.6819107484911066,0.6902622367456354,0.936,0.933,0.9415,0.922,0.953
lr,beta_0,P2,ppi_plus_plus,0.975,0.7857233590613951,0.969,0.7848178941879727,0.7829460417847651,0.7862708765080123,0.7798289273207126,0.789379637793411,0.965,0.9635,0.969,0.958,0.974
lr,beta_0,P3,naive_ml,0.9,4.9264664331750784e-17,0.0,4.974611097741282e-17,4.92839243735334e-17,5.021272432478299e-17,4.8508731126072336e-17,5.134106788662073e-17,0.0,0.0,0.0,0.0,0.0
lr,beta_0,P3,naive_ml,0.95,5.870246824311215e-17,0.0,5.927614730519635e-17,5.872541799840707e-17,5.983215140219679e-17,5.780171827146039e-17,6.117665568340048e-17,0.0,0.0,0.0,0.0,0.0
lr,beta_0,P3,naive_ml,0.975,6.713178072408865e-17,0.0,6.778783656218983e-17,6.715802592273621e-17,6.842367941920478e-17,6.61016886105217e-17,6.996124622499166e-17,0.0,0.0,0.0,0.0,0.0
lr,beta_0,P3,ppi,0.9,0.5996336701370745,0.8955,0.598708568169439,0.597420609473834,0.5994217160081967,0.5942904743254809,0.6015548649971835,0.896,0.8915,0.8995,0.8765,0.919
lr,beta_0,P3,ppi,0.95,0.7145075878663012,0.952,0.7134052608817748,0.7118705634378166,0.7142550289442389,0.7081407773602012,0.716796832739766,0.946,0.9435,0.952,0.9345,0.959
lr,beta_0,P3,ppi,0.975,0.8171064718384516,0.975,0.8158458574958822,0.8140907869619006,0.8168176470124582,0.8098254266013548,0.8197244381602896,0.9735,0.9715,0.976,0.969,0.9825
lr,beta_0,P3,ppi_plus_plus,0.9,0.5767889913328276,0.8855,0.5760657151983836,0.5745134158547721,0.5769031978450783,0.5720482569234006,0.5792310203847089,0.8845,0.88,0.8885,0.865,0.903
lr,beta_0,P3,ppi_plus_plus,0.95,0.6872864741081786,0.942,0.6864246374370242,0.6845749586833334,0.6874225595610999,0.6816375406404858,0.6901963311996945,0.9375,0.9325,0.9415,0.9225,0.9515
lr,beta_0,P3,ppi_plus_plus,0.975,0.7859765739897305,0.969,0.7849909828866771,0.7828757016690524,0.786132200474593,0.7795164885073355,0.7893042686174447,0.966,0.964,0.9685,0.957,0.974
lr,beta_0,P4,naive_ml,0.9,0.021920416213695962,0.8785,0.02191669050228681,0.02190751191957672,0.02192982273092152,0.021881427691904945,0.021945020122076008,0.899,0.892,0.901,0.883,0.909
lr,beta_0,P4,naive_ml,0.95,0.02611978695307916,0.938,0.02611534749411505,0.026104410538238736,0.026130995509682498,0.026073329263915323,0.026149104318170836,0.9495,0.9435,0.952,0.938,0.96
lr,beta_0,P4,naive_ml,0.975,0.02987042730523968,0.9705,0.029865350367342027,0.029852842932039058,0.029883245341459596,0.029817298578369456,0.02990395446318809,0.974,0.97,0.9765,0.965,0.9785
lr,beta_0,P4,ppi,0.9,0.6034817220731851,0.8925,0.6023431467504916,0.6011773111206575,0.6036026034164274,0.5979455475927635,0.6052019683643302,0.895,0.892,0.902,0.881,0.9145
lr,beta_0,P4,ppi,0.95,0.719092824559611,0.95,0.7177361283833669,0.7163469495476771,0.719236863564219,0.7124960657866952,0.7211426244445001,0.948,0.945,0.952,0.9395,0.9605
lr,beta_0,P4,ppi,0.975,0.8223501202484048,0.9755,0.8207986108666243,0.8192099545157928,0.8225148423659322,0.8148061075912342,0.824694258757722,0.9725,0.972,0.975,0.9685,0.9805
lr,beta_0,P4,ppi_plus_plus,0.9,0.5773197958955651,0.8835,0.5767528813284584,0.5754537729548361,0.5778028018801816,0.5730756593489471,0.5797518839811703,0.8845,0.881,0.8885,0.8665,0.9005
lr,beta_0,P4,ppi_plus_plus,0.95,0.687918966756001,0.9415,0.6872434463840802,0.6856954632793246,0.6884945038850551,0.6828617661391584,0.6908169784555895,0.9365,0.933,0.942,0.926,0.9535
lr,beta_0,P4,ppi_plus_plus,0.975,0.7866998886818426,0.97,0.7859273677497629,0.7841571038160113,0.7873580693938731,0.7809165052390606,0.7900140369923841,0.966,0.9635,0.968,0.9565,0.9745
lr,beta_0,baseline,classic,0.9,0.5947616186500074,0.882,0.5935205832239543,0.5921444309048473,0.5953019307325171,0.5892129283802585,0.5988148295878724,0.8835,0.878,0.8865,0.864,0.9015
lr,beta_0,baseline,classic,0.95,0.7087021804494896,0.9395,0.7072233955298203,0.7055836089016994,0.7093460020058756,0.7020905081937475,0.7135318791714882,0.935,0.932,0.9405,0.923,0.952
lr,beta_0,baseline,classic,0.975,0.8104674437126623,0.9675,0.8087763143966964,0.8069010645196829,0.8112037140747483,0.8029063760884878,0.8159906573912733,0.9645,0.962,0.9675,0.9565,0.973
lr,beta_1,P1,naive_ml,0.9,0.00268338650817287,0.885,0.0026844544962566865,0.0026833563725784213,0.0026855252058296322,0.0026821923098121125,0.0026888089948607966,0.898,0.894,0.9015,0.8855,0.908
lr,beta_1,P1,naive_ml,0.95,0.0031974522391801192,0.9395,0.003198724825473454,0.003197416330404513,0.0032000006546210984,0.0031960292640660277,0.0032039135305928297,0.949,0.946,0.9515,0.941,0.957
lr,beta_1,P1,naive_ml,0.975,0.00365658666527318,0.9695,0.0036580419871114923,0.003656545600218823,0.0036595010174579985,0.003654959359706746,0.003663975758292509,0.974,0.971,0.9755,0.967,0.9825
lr,beta_1,P1,ppi,0.9,0.7364954838383085,0.9035,0.7352765883409024,0.7339456120211434,0.736522399087772,0.7291731091983117,0.7394178522399067,0.8975,0.894,0.9015,0.876,0.9145
lr,beta_1,P1,ppi,0.95,0.8775884975095573,0.9505,0.8761360939420382,0.8745501378373336,0.877620569007419,0.8688633499702579,0.8810707142386536,0.946,0.9425,0.951,0.9375,0.954
lr,beta_1,P1,ppi,0.975,1.0036047945514939,0.9715,1.0019438347871805,1.0001301451648261,1.0036414713186967,0.9936267696247097,1.0075870361315848,0.9725,0.9685,0.976,0.967,0.9795
lr,beta_1,P1,ppi_plus_plus,0.9,0.6959921182330984,0.8905,0.6968232571181704,0.696127873282804,0.6982157976803716,0.6908143232711362,0.7006812633659278,0.883,0.88,0.889,0.8615,0.898
lr,beta_1,P1,ppi_plus_plus,0.95,0.8293257606081543,0.937,0.8303161236740244,0.8294875227271606,0.8319754380982428,0.8231560373704814,0.8349132216612479,0.937,0.933,0.9415,0.9255,0.945
lr,beta_1,P1,ppi_plus_plus,0.975,0.9484118262185247,0.9635,0.9495443993140852,0.9485968163803926,0.951441981058307,0.9413561687663606,0.9548016122266183,0.963,0.961,0.967,0.956,0.977
lr,beta_1,P2,naive_ml,0.9,6.309042767801856e-17,1.0,6.26853979671617e-17,6.233948077725891e-17,6.302886927559694e-17,6.103055225160947e-17,6.437329653277165e-17,1.0,1.0,1.0,1.0,1.0
lr,beta_1,P2,naive_ml,0.95,7.517688139054924e-17,1.0,7.469425872252497e-17,7.428207296767508e-17,7.510353002984731e-17,7.27223884300518e-17,7.670551391505173e-17,1.0,1.0,1.0,1.0,1.0
lr,beta_1,P2,naive_ml,0.975,8.59718180184586e-17,1.0,8.541989371115204e-17,8.494852062343813e-17,8.588793385464339e-17,8.316487500320864e-17,8.771995274794963e-17,1.0,1.0,1.0,1.0,1.0
lr,beta_1,P2,ppi,0.9,0.7380415786384951,0.902,0.7367819243391928,0.7355596082055142,0.7382044368478942,0.7304339246685236,0.7404289020366039,0.8985,0.8935,0.9015,0.877,0.9105
lr,beta_1,P2,ppi,0.95,0.8794307830937541,0.9515,0.8779298124182217,0.8764733329111838,0.8796248406194694,0.8703657042662691,0.8822754543782226,0.9475,0.9425,0.9515,0.9365,0.9555
lr,beta_1,P2,ppi,0.975,1.005711620986072,0.973,1.003995120176499,1.0023294991928862,1.0059335439759214,0.9953448527341279,1.0089647695267785,0.973,0.9705,0.9755,0.9665,0.98
lr,beta_1,P2,ppi_plus_plus,0.9,0.6964928208702017,0.8905,0.6973346929374634,0.6965391445650545,0.6987669135306743,0.6910605712690325,0.7008449288266665,0.8845,0.8805,0.8895,0.8615,0.8955
lr,beta_1,P2,ppi_plus_plus,0.95,0.8299223845992553,0.938,0.8309255370405368,0.8299775826862196,0.8326321331379737,0.8234494599578961,0.8351082410862625,0.9365,0.9335,0.941,0.9265,0.946
lr,beta_1,P2,ppi_plus_plus,0.975,0.9490941217359716,0.964,0.9502413206823919,0.9491572459278693,0.9521929734565686,0.9416917250280865,0.9550246352385785,0.9635,0.96,0.967,0.955,0.977
lr,beta_1,P3,naive_ml,0.9,6.187585455562129e-17,1.0,6.22236187495771e-17,6.185000473183845e-17,6.273888588129471e-17,6.095354316174881e-17,6.387000837240769e-17,1.0,1.0,1.0,1.0,1.0
lr,beta_1,P3,naive_ml,0.95,7.372962825052289e-17,1.0,7.414401484644703e-17,7.369882628566054e-17,7.475799350329275e-17,7.263062643972297e-17,7.610580908296467e-17,1.0,1.0,1.0,1.0,1.0
lr,beta_1,P3,naive_ml,0.975,8.431674825127035e-17,1.0,8.479063820726664e-17,8.428152331417858e-17,8.549278041345031e-17,8.305993655687183e-17,8.703413399974764e-17,1.0,1.0,1.0,1.0,1.0
lr,beta_1,P3,ppi,0.9,0.738234920994026,0.9035,0.7367315619032168,0.7352958524083345,0.7380561026517787,0.7303227351994466,0.7406530017908861,0.8965,0.8925,0.902,0.8805,0.915
lr,beta_1,P3,ppi,0.95,0.8796611647200074,0.95,0.8778698018743832,0.8761590484941884,0.8794480895230219,0.8702332138420295,0.8825424857055971,0.946,0.943,0.95,0.936,0.956
lr,beta_1,P3,ppi,0.975,1.0059750839933246,0.972,1.0039264924885858,1.0019700854714861,1.0057314125118697,0.9951933375019026,1.0092701449062509,0.9725,0.969,0.975,0.9675,0.98
lr,beta_1,P3,ppi_plus_plus,0.9,0.6965477595133492,0.8935,0.6971907899173555,0.69651356091245,0.6985554107588056,0.6910598347568996,0.7009542648598434,0.885,0.88,0.8885,0.862,0.898
lr,beta_1,P3,ppi_plus_plus,0.95,0.8299878480302655,0.937,0.8307540660159686,0.82994709788388,0.8323801120409579,0.8234485823495615,0.8352385230054137,0.9355,0.9335,0.9405,0.9265,0.9455
lr,beta_1,P3,ppi_plus_plus,0.975,0.9491689853120273,0.9625,0.9500452274759817,0.9491223836958824,0.9519047636839824,0.9416907214006074,0.955173624838002,0.9635,0.9605,0.9665,0.9555,0.9775
lr,beta_1,P4,naive_ml,0.9,0.026833865081728647,0.885,0.026844544962566847,0.0268335637257842,0.026855252058296357,0.026821923098121137,0.026888089948607953,0.898,0.894,0.9015,0.8855,0.908
lr,beta_1,P4,naive_ml,0.95,0.03197452239180114,0.9395,0.0319872482547346,0.031974163304045254,0.03200000654621103,0.03196029264066022,0.032039135305928265,0.949,0.946,0.9515,0.941,0.957
lr,beta_1,P4,naive_ml,0.975,0.03656586665273182,0.9695,0.03658041987111493,0.03656545600218825,0.03659501017457994,0.0365495935970675,0.03663975758292523,0.974,0.971,0.9755,0.967,0.9825
lr,beta_1,P4,ppi,0.9,0.7420044148908431,0.902,0.7407826136211435,0.7391101682169804,0.7418119394460131,0.735262082753411,0.7449478005928719,0.898,0.894,0.9015,0.8765,0.916
lr,beta_1,P4,ppi,0.95,0.8841527937358958,0.947,0.8826969277271287,0.8807040861121946,0.883923445097456,0.8761188094684534,0.8876600541231209,0.947,0.942,0.951,0.937,0.955
lr,beta_1,P4,ppi,0.975,1.0111116832405629,0.9735,1.0094467638497902,1.007167762466787,1.0108494015518006,1.001924068369768,1.0151225645936655,0.9725,0.969,0.976,0.967,0.9785
lr,beta_1,P4,ppi_plus_plus,0.9,0.6975607035298708,0.892,0.6986747832623369,0.6978159110750008,0.6999905118869721,0.6930656372499397,0.7026211762567672,0.8835,0.879,0.888,0.8635,0.896
lr,beta_1,P4,ppi_plus_plus,0.95,0.8311948452719721,0.935,0.8325223531521613,0.8314989438183991,0.8340901405075005,0.8258386434358773,0.8372247704440043,0.9355,0.933,0.941,0.925,0.9465
lr,beta_1,P4,ppi_plus_plus,0.975,0.9505492999153105,0.9635,0.9520674297416959,0.9508970651379343,0.9538603416943042,0.9444239805218285,0.9574450851615959,0.963,0.961,0.9655,0.954,0.9765
lr,beta_1,baseline,classic,0.9,0.7244698107365527,0.885,0.728415468619538,0.7272206200844356,0.729853645250101,0.7210062345782108,0.7325628128400327,0.8825,0.878,0.888,0.8645,0.897
lr,beta_1,baseline,classic,0.95,0.8632590241855483,0.935,0.8679605655380793,0.8665368156934685,0.8696742586917569,0.8591319186383884,0.8729024309846255,0.935,0.932,0.9385,0.924,0.9455
lr,beta_1,baseline,classic,0.975,0.987217697213523,0.963,0.992594350914628,0.9909661593711566,0.9945541198385606,0.9824979647574742,0.9982458377678127,0.963,0.959,0.9655,0.9555,0.9775
lr,beta_2,P1,naive_ml,0.9,0.003099755735551244,0.8965,0.0031010760626238197,0.0030996272273560305,0.0031021008414825017,0.003098842004998582,0.003103757360502723,0.898,0.8955,0.9025,0.885,0.9105
lr,beta_2,P1,naive_ml,0.95,0.0036935867745337913,0.949,0.0036951600412778165,0.003693433647574521,0.0036963811406037555,0.0036924979974259434,0.0036983550047617266,0.949,0.947,0.952,0.941,0.9595
lr,beta_2,P1,naive_ml,0.975,0.004223963060743895,0.9755,0.004225762238891615,0.004223787945697454,0.004227158680551465,0.004222717941956752,0.004229415979431711,0.975,0.973,0.977,0.9685,0.985
lr,beta_2,P1,ppi,0.9,0.8521868341791995,0.893,0.8517156842444676,0.8508203620868849,0.8527988799298635,0.8459946993906008,0.855275694524301,0.8945,0.8905,0.9025,0.88,0.9105
lr,beta_2,P1,ppi,0.95,1.0154432441420638,0.9525,1.0148818343678072,1.0138149922156063,1.016172541636099,1.008064860452346,1.0191238482581213,0.9455,0.9415,0.951,0.935,0.956
lr,beta_2,P1,ppi,0.975,1.1612546327896656,0.976,1.1606126080334755,1.159392573926358,1.162088652907007,1.1528167586971343,1.1654637489622315,0.9715,0.969,0.9735,0.9655,0.9835
lr,beta_2,P1,ppi_plus_plus,0.9,0.8326947561089827,0.8875,0.833529464148072,0.831938078724019,0.8343102743119261,0.8281148046443781,0.8363554564269734,0.888,0.885,0.8955,0.8685,0.904
lr,beta_2,P1,ppi_plus_plus,0.95,0.9922170005569225,0.941,0.9932116165321209,0.9913153638409624,0.994142009227764,0.986759651784678,0.9965789940278919,0.9405,0.936,0.945,0.9275,0.9515
lr,beta_2,P1,ppi_plus_plus,0.975,1.1346932438384516,0.972,1.1358306805348917,1.1336621376495586,1.1368946718848403,1.128452253432461,1.1396815926758455,0.9685,0.966,0.9705,0.9615,0.9775
lr,beta_2,P2,naive_ml,0.9,6.617340894787436e-17,1.0,6.59908440145486e-17,6.559653372225757e-17,6.633378670926696e-17,6.304129108628744e-17,6.762947123546904e-17,1.0,1.0,1.0,1.0,1.0
lr,beta_2,P2,naive_ml,0.95,7.885048015637234e-17,1.0,7.863294062075966e-17,7.816309092777738e-17,7.90415820459875e-17,7.511833153022231e-17,8.05854853849059e-17,1.0,1.0,1.0,1.0,1.0
lr,beta_2,P2,naive_ml,0.975,9.017292291568695e-17,1.0,8.992414604410617e-17,8.938682883229928e-17,9.039146585831909e-17,8.590486075920649e-17,9.215706419701574e-17,1.0,1.0,1.0,1.0,1.0
lr,beta_2,P2,ppi,0.9,0.8538206436524519,0.893,0.853354118325146,0.8523581242968621,0.8544169649207259,0.8472843859517867,0.8569129631893297,0.896,0.891,0.902,0.8775,0.908
lr,beta_2,P2,ppi,0.95,1.0173900482057787,0.949,1.016834148991158,1.015647348906173,1.0181006088233837,1.0096016167751272,1.0210747742030732,0.946,0.9415,0.949,0.9345,0.956
lr,beta_2,P2,ppi,0.975,1.1634809859129644,0.974,1.1628452629987889,1.1614880457393946,1.164293578653947,1.154574183752247,1.1676948158434923,0.971,0.9695,0.9735,0.965,0.9825
lr,beta_2,P2,ppi_plus_plus,0.9,0.8328523208417437,0.885,0.8337894109123712,0.8322123499235182,0.8345315741733682,0.8282471085109664,0.8366207484442338,0.888,0.8835,0.8945,0.8685,0.9045
lr,beta_2,P2,ppi_plus_plus,0.95,0.9924047505161803,0.9395,0.9935213622064946,0.9916421781326478,0.9944057042770367,0.986917301565354,0.9968951089640157,0.9405,0.937,0.9445,0.928,0.9515
lr,beta_2,P2,ppi_plus_plus,0.975,1.1349079535341964,0.9715,1.1361849037782177,1.1340358804583945,1.1371962319172513,1.1286325407495736,1.1400430997676363,0.969,0.9665,0.9705,0.9605,0.9775
lr,beta_2,P3,naive_ml,0.9,6.455299599910568e-17,0.0,6.574411727341989e-17,6.483165791231438e-17,6.61881889432182e-17,6.38348946545007e-17,6.746918352431252e-17,0.0,0.0,0.0,0.0,0.0
lr,beta_2,P3,naive_ml,0.95,7.691963903614756e-17,0.0,7.833894757559633e-17,7.725168518590974e-17,7.886809160707601e-17,7.606396850740634e-17,8.039449079676474e-17,0.0,0.0,0.0,0.0,0.0
lr,beta_2,P3,naive_ml,0.975,8.796482491614147e-17,0.0,8.95879374104151e-17,8.834455084561703e-17,9.01930632621195e-17,8.698628537552755e-17,9.193864396368808e-17,0.0,0.0,0.0,0.0,0.0
lr,beta_2,P3,ppi,0.9,0.8521293144847202,0.8925,0.8516753484348414,0.850765625046527,0.8527466221619331,0.8459150762570352,0.8552336458090433,0.894,0.891,0.902,0.8805,0.91
lr,beta_2,P3,ppi,0.95,1.0153747051986959,0.9515,1.0148337712861688,1.0137497690091404,1.016110272664938,1.0079699836368206,1.0190737441235354,0.9455,0.942,0.9505,0.935,0.9565
lr,beta_2,P3,ppi,0.975,1.161176252076644,0.9765,1.160557643389669,1.1593179850696054,1.1620174424955392,1.1527082581559092,1.1654064501828585,0.9715,0.9695,0.9735,0.9645,0.984
lr,beta_2,P3,ppi_plus_plus,0.9,0.8326321949419034,0.8855,0.8335157072390809,0.8318801645542977,0.8342881009610448,0.8280710358997058,0.836313844902528,0.887,0.885,0.896,0.869,0.9035
lr,beta_2,P3,ppi_plus_plus,0.95,0.9921424543284372,0.9405,0.9931952241639973,0.9912463548513568,0.994115588050564,0.986707498108631,0.9965294108382874,0.9405,0.937,0.9445,0.927,0.951
lr,beta_2,P3,ppi_plus_plus,0.975,1.1346079932312054,0.972,1.1358119343237831,1.1335832193945514,1.1368644567895099,1.1283926108101114,1.1396248896459447,0.9685,0.9665,0.9705,0.961,0.9775
lr,beta_2,P4,naive_ml,0.9,0.03099755735551243,0.8965,0.03101076062623825,0.030996272273560325,0.03102100841482503,0.030988420049985872,0.031037573605027343,0.898,0.8955,0.9025,0.885,0.9105
lr,beta_2,P4,naive_ml,0.95,0.03693586774533792,0.949,0.03695160041277825,0.0369343364757453,0.0369638114060376,0.036924979974259454,0.03698355004761735,0.949,0.947,0.952,0.941,0.9595
lr,beta_2,P4,naive_ml,0.975,0.042239630607438974,0.9755,0.04225762238891616,0.04223787945697457,0.042271586805514745,0.042227179419567544,0.042294159794317186,0.975,0.973,0.977,0.9685,0.985
lr,beta_2,P4,ppi,0.9,0.8585014586218023,0.8885,0.8578814798634059,0.8570382190980647,0.858876407007027,0.852515254966651,0.8613908939930307,0.8945,0.889,0.9,0.8785,0.9065
lr,beta_2,P4,ppi,0.95,1.0229675832568652,0.948,1.02222883300108,1.021224025823982,1.023414361814579,1.0158345816474956,1.026410557859874,0.9455,0.942,0.949,0.9325,0.955
lr,beta_2,P4,ppi,0.975,1.1698594206063695,0.9735,1.1690145903689801,1.1678654990768766,1.17037035381014,1.1617021639478993,1.1737967851330322,0.971,0.969,0.975,0.9665,0.981
lr,beta_2,P4,ppi_plus_plus,0.9,0.8332792133879411,0.886,0.8339807763865911,0.8326492732444499,0.8348154645873438,0.8285616592560379,0.8369453887897352,0.8875,0.882,0.893,0.866,0.9025
lr,beta_2,P4,ppi_plus_plus,0.95,0.9929134243593162,0.9395,0.9937493882333734,0.9921628043810834,0.9947439805697308,0.9872921118959197,0.9972819417950252,0.9405,0.9355,0.945,0.927,0.9525
lr,beta_2,P4,ppi_plus_plus,0.975,1.1354896698047263,0.969,1.1364456729365517,1.1346312654259318,1.1375830825997666,1.1290611715325318,1.1404854794079744,0.968,0.9655,0.9705,0.9615,0.9745
lr,beta_2,baseline,classic,0.9,0.8445632759065239,0.8845,0.8452786192717361,0.8431584406955251,0.8458918162374203,0.8402176971923602,0.8485179246002668,0.888,0.8835,0.893,0.865,0.908
lr,beta_2,baseline,classic,0.95,1.0063592141690225,0.939,1.0072115983626246,1.0046852497671745,1.0079422676139633,1.0011811377540834,1.0110714687333449,0.9405,0.9375,0.944,0.9295,0.9515
lr,beta_2,baseline,classic,0.975,1.1508661921245256,0.9695,1.1518409734325332,1.1489518567562143,1.1526765622830644,1.1449445758643575,1.1562550973885732,0.9685,0.9655,0.9705,0.962,0.9765
mean,theta,P1,naive_ml,0.9,0.08064473774833068,0.897,0.08059735898305041,0.08056203037969717,0.08061312780523669,0.0805047644371905,0.08067036245689002,0.899,0.895,0.9025,0.889,0.9095
mean,theta,P1,naive_ml,0.95,0.0960941319881161,0.949,0.09603767670719617,0.09599558007983533,0.09605646641775616,0.09592734350059584,0.09612466571164459,0.95,0.946,0.9515,0.9395,0.955
mean,theta,P1,naive_ml,0.975,0.10989265682631298,0.973,0.10982809491515569,0.10977995347167299,0.10984958271229496,0.10970191854040046,0.10992757500426995,0.9745,0.972,0.977,0.9635,0.9805
mean,theta,P1,ppi,0.9,0.43094106499982765,0.8875,0.43086572899958436,0.43035603787670335,0.4313641965838459,0.4279663658495602,0.43233481396223716,0.8975,0.894,0.9025,0.886,0.9095
mean,theta,P1,ppi,0.95,0.5134979508325066,0.938,0.5134081824514195,0.5128008480189099,0.5140021432127942,0.5099533781703363,0.5151587051543818,0.9475,0.945,0.95,0.937,0.954
mean,theta,P1,ppi,0.975,0.5872330903496817,0.964,0.5871304317825802,0.5864358878703787,0.5878096816469337,0.5831795389090155,0.589132318751986,0.9735,0.97,0.975,0.9625,0.9815
mean,theta,P1,ppi_plus_plus,0.9,0.42771082671960214,0.883,0.42779345078775316,0.42706971215604045,0.42805607620470265,0.4245723783361891,0.4290392036696534,0.895,0.89,0.8975,0.886,0.905
mean,theta,P1,ppi_plus_plus,0.95,0.509648884516218,0.937,0.5097473371658514,0.5088849493952101,0.5100602746517243,0.5059091926080521,0.5112317432808721,0.946,0.9415,0.9485,0.935,0.951
mean,theta,P1,ppi_plus_plus,0.975,0.5828313218436724,0.963,0.5829439116867321,0.5819576903497019,0.5833017850660098,0.5785546332363899,0.5846414693670422,0.971,0.9685,0.974,0.961,0.9765
mean,theta,P2,naive_ml,0.9,0.08063016459517279,0.22,0.08058317618082694,0.08054507748275631,0.08059785295018126,0.08049031365972656,0.08065728682249611,0.2115,0.2065,0.219,0.191,0.234
mean,theta,P2,naive_ml,0.95,0.09607676700507892,0.3255,0.09602077685598616,0.09597537945718257,0.09603826530533674,0.09591012433719165,0.09610908513227434,0.3115,0.309,0.3235,0.295,0.3365
mean,theta,P2,naive_ml,0.975,0.10987279833878388,0.4285,0.10980876834951617,0.10975685216416395,0.10982876803235958,0.10968222681130486,0.10990975714977183,0.4165,0.412,0.4235,0.402,0.4405
mean,theta,P2,ppi,0.9,0.43089991305645514,0.8875,0.4308361893899699,0.43034100926869856,0.43133486592681375,0.42792077025002734,0.43230612597004203,0.8965,0.8935,0.9025,0.886,0.9075
mean,theta,P2,ppi,0.95,0.513448915267527,0.9375,0.5133729838355608,0.5127829403279501,0.5139671935792922,0.5098990476624552,0.5151245213032662,0.9475,0.9445,0.9495,0.9365,0.954
mean,theta,P2,ppi,0.975,0.587177013579923,0.964,0.5870901788625168,0.5864154087454161,0.5877697134615625,0.5831174068752061,0.5890932263106283,0.9735,0.9695,0.9745,0.9625,0.9815
mean,theta,P2,ppi_plus_plus,0.9,0.42767719997711157,0.883,0.4277664566978995,0.42705875010150723,0.4280179800019874,0.42454279870460554,0.4290150258216713,0.8945,0.891,0.897,0.8845,0.9055
mean,theta,P2,ppi_plus_plus,0.95,0.5096088157811516,0.937,0.5097151717238669,0.5088718873015806,0.5100148802263175,0.5058739463030723,0.5112029335980566,0.946,0.942,0.9485,0.9345,0.9515
mean,theta,P2,ppi_plus_plus,0.975,0.5827854994853129,0.9625,0.5829071274856135,0.5819427526199689,0.5832498722810167,0.5785143257793426,0.5846085227914143,0.971,0.968,0.9735,0.9615,0.9765
mean,theta,P3,naive_ml,0.9,0.07691640610824457,0.8955,0.07687365856234488,0.07684367245969209,0.07688813024852988,0.07678140136190469,0.07693399051827612,0.898,0.895,0.904,0.8895,0.909
mean,theta,P3,naive_ml,0.95,0.0916515508263297,0.949,0.09160061398367224,0.09156488333854185,0.09161785806135404,0.09149068274893253,0.09167250394324354,0.949,0.9455,0.952,0.9395,0.9555
mean,theta,P3,naive_ml,0.975,0.10481214840259778,0.9735,0.10475389734341052,0.10471303599795383,0.10477361756432067,0.1046281806611971,0.10483611025790392,0.974,0.9725,0.9765,0.966,0.9815
mean,theta,P3,ppi,0.9,0.4310523741838326,0.8815,0.43101130154268946,0.43036901925472926,0.4313869593626558,0.42786423183106953,0.4323411771235607,0.897,0.8935,0.9015,0.886,0.91
mean,theta,P3,ppi,0.95,0.5136305839058831,0.939,0.513581642835341,0.5128163162848911,0.514029266736689,0.5098316779809925,0.5151662873287568,0.9475,0.9445,0.95,0.9395,0.955
mean,theta,P3,ppi,0.975,0.587384768714579,0.9655,0.587328800008079,0.5864535772839777,0.5878406999416156,0.5830403633228861,0.5891409896798498,0.973,0.9705,0.976,0.9625,0.979
mean,theta,P3,ppi_plus_plus,0.9,0.42863561672909656,0.8805,0.428654694635737,0.42795631830162045,0.4289293541902386,0.42536725218244564,0.42988591572945295,0.8945,0.889,0.8975,0.884,0.906
mean,theta,P3,ppi_plus_plus,0.95,0.5107508397796962,0.9375,0.5107735725075843,0.5099414057785223,0.5111008495527941,0.5068563432148828,0.5122406629289734,0.9455,0.9415,0.949,0.938,0.9515
mean,theta,P3,ppi_plus_plus,0.975,0.5840915110883411,0.964,0.5841175080957847,0.5831658473555594,0.5844917801066991,0.579637788830243,0.5857952636556213,0.972,0.9685,0.974,0.963,0.9755
mean,theta,P4,naive_ml,0.9,0.08210240033307767,0.895,0.08204945904969428,0.08202349547952609,0.08207729472551563,0.08196025738343872,0.08211363354816313,0.898,0.892,0.9035,0.8855,0.9135
mean,theta,P4,naive_ml,0.95,0.09783104408831961,0.948,0.09776796065826404,0.09773702315622412,0.09780112891178,0.09766167031707099,0.0978444292896755,0.949,0.9465,0.951,0.937,0.9575
mean,theta,P4,naive_ml,0.975,0.11187897879432583,0.975,0.1118068369726863,0.11177145703611366,0.11184476798289197,0.11168528399388279,0.11189428602806378,0.9735,0.9725,0.977,0.965,0.981
mean,theta,P4,ppi,0.9,0.43405864718669546,0.8875,0.4338516517142586,0.4333620090329719,0.4343851720985167,0.4311284300784359,0.4353199361457586,0.8985,0.892,0.9025,0.888,0.906
mean,theta,P4,ppi,0.95,0.5172127791339317,0.94,0.5169661288154556,0.5163826835745582,0.5176018575642194,0.5137212100940081,0.518715697626712,0.948,0.9445,0.95,0.939,0.953
mean,theta,P4,ppi,0.975,0.591481345089605,0.9675,0.5911992773062358,0.5905320529262633,0.5919262927834273,0.5874884082645228,0.5932000734109685,0.973,0.9715,0.9755,0.966,0.9815
mean,theta,P4,ppi_plus_plus,0.9,0.4300072186635453,0.883,0.4299119184189772,0.4291777729856127,0.4303744195731053,0.42680696447198463,0.43129444387013804,0.893,0.889,0.897,0.8855,0.9045
mean,theta,P4,ppi_plus_plus,0.95,0.5123852042900667,0.9415,0.512271647044601,0.5113968588049477,0.5128227511611303,0.508571866219093,0.5139190277279551,0.946,0.943,0.948,0.9355,0.95
mean,theta,P4,ppi_plus_plus,0.975,0.5859605602649294,0.9655,0.5858306968992073,0.5848302944622735,0.5864609361687666,0.5815996503599647,0.5877146312909616,0.9715,0.9685,0.974,0.9605,0.9775
mean,theta,baseline,classic,0.9,0.493557230812561,0.8945,0.4931171528511577,0.4926159013001096,0.49384266802356525,0.48999384426009374,0.49504970755357286,0.897,0.8935,0.901,0.8855,0.9065
mean,theta,baseline,classic,0.95,0.5881097143548328,0.9415,0.5875853291204208,0.5869880510580164,0.5884498337698684,0.5838636773875364,0.5898881100808812,0.945,0.9415,0.9495,0.9305,0.955
mean,theta,baseline,classic,0.975,0.6725586430585508,0.9715,0.671958959337831,0.6712759158284728,0.6729476015244129,0.6677029013637638,0.6745924054452934,0.9705,0.9685,0.974,0.961,0.976
