experiment,target,parameter,learner,learner_label,learner_model,quality_metric,method,method_label,confidence_level,coverage,avg_width,sd_ci_low,sd_ci_high,quality_value_mean,quality_value_sd,relative_width_rep_mean,relative_width_rep_sd,relative_width_rep_median,relative_width_rep_q25,relative_width_rep_q75,median_lambda,n_success,coverage_error,n_failed,classic_avg_width,relative_width
c_glm,income_threshold_logistic,age,dt,DT,Decision Tree Classifier,Brier,cross_ppi,Cross-PPI,0.9,0.93,0.007924838248966311,0.0021247512898217567,0.002174724609603801,0.12093936754565641,0.006206406232277048,0.8772737548450656,0.02967260814712806,0.8807732283532073,0.8576605082132394,0.8970845777314216,,100,0.030000000000000027,0,0.00903687844523377,0.8769442122070402
c_glm,income_threshold_logistic,age,dt,DT,Decision Tree Classifier,Brier,cross_ppi,Cross-PPI,0.95,0.96,0.009443027207269966,0.0021212039772704615,0.002180717015753961,0.12093936754565641,0.006206406232277048,0.8772737548450656,0.02967260814712804,0.8807732283532066,0.8576605082132391,0.8970845777314213,,100,0.010000000000000009,0,0.010768104830185634,0.8769442122070403
c_glm,income_threshold_logistic,age,dt,DT,Decision Tree Classifier,Brier,cross_ppi,Cross-PPI,0.975,0.97,0.01079898768863836,0.0021182232513683695,0.0021862417710714925,0.12093936754565641,0.006206406232277048,0.8772737548450656,0.029672608147128077,0.880773228353207,0.8576605082132389,0.8970845777314213,,100,-0.0050000000000000044,0,0.012314338287791557,0.8769442122070402
c_glm,income_threshold_logistic,age,dt,DT,Decision Tree Classifier,Brier,naive_ml,Naive ML,0.9,0.06,0.0017496262408768664,0.007483038989271654,0.007599233284762891,0.12093936754565641,0.006206406232277048,0.19372699433139423,0.02233612091455237,0.19091530451230737,0.1795354565493691,0.2106880419300301,,100,-0.8400000000000001,0,0.00903687844523377,0.1936095800646355
c_glm,income_threshold_logistic,age,dt,DT,Decision Tree Classifier,Brier,naive_ml,Naive ML,0.95,0.07,0.002084808254264214,0.0074720832390628615,0.007610534114079918,0.12093936754565641,0.006206406232277048,0.1937269943313942,0.022336120914552372,0.19091530451230718,0.17953545654936898,0.21068804193003007,,100,-0.8799999999999999,0,0.010768104830185634,0.1936095800646355
c_glm,income_threshold_logistic,age,dt,DT,Decision Tree Classifier,Brier,naive_ml,Naive ML,0.975,0.08,0.0023841738646731853,0.007462324387927343,0.007620652184057716,0.12093936754565641,0.006206406232277048,0.19372699433139418,0.0223361209145524,0.19091530451230682,0.1795354565493687,0.21068804193003043,,100,-0.895,0,0.012314338287791557,0.19360958006463544
c_glm,income_threshold_logistic,age,dt,DT,Decision Tree Classifier,Brier,ppi,PPI,0.9,0.94,0.009344354988456616,0.0026474650493270168,0.0027595267036106463,0.12093936754565641,0.006206406232277048,1.034288102182441,0.043134816069389056,1.0371802930959446,1.0048700768669496,1.057510744000327,,100,0.039999999999999925,0,0.00903687844523377,1.0340246408188676
c_glm,income_threshold_logistic,age,dt,DT,Decision Tree Classifier,Brier,ppi,PPI,0.95,0.96,0.011134485729332615,0.002639424044519917,0.0027728240581277805,0.12093936754565641,0.006206406232277048,1.034288102182441,0.04313481606938911,1.037180293095945,1.0048700768669492,1.0575107440003273,,100,0.010000000000000009,0,0.010768104830185634,1.0340246408188676
c_glm,income_threshold_logistic,age,dt,DT,Decision Tree Classifier,Brier,ppi,PPI,0.975,0.97,0.012733329224955695,0.002632657399672088,0.002785058856999978,0.12093936754565641,0.006206406232277048,1.034288102182441,0.04313481606938913,1.037180293095945,1.0048700768669494,1.0575107440003264,,100,-0.0050000000000000044,0,0.012314338287791557,1.0340246408188676
c_glm,income_threshold_logistic,age,dt,DT,Decision Tree Classifier,Brier,ppi_plus_plus_v1,PPI++V1,0.9,0.93,0.008995817275553094,0.002490054982683683,0.0025609063549680436,0.12093936754565641,0.006206406232277048,0.9956061240700782,0.02871900314998486,0.9971621560177448,0.9791470246775501,1.0102605120273462,0.57368450387026,100,0.030000000000000027,0,0.00903687844523377,0.9954562662395517
c_glm,income_threshold_logistic,age,dt,DT,Decision Tree Classifier,Brier,ppi_plus_plus_v1,PPI++V1,0.95,0.98,0.010719177428732676,0.00248485761566533,0.002569230010712114,0.12093936754565641,0.006206406232277048,0.9956061240700782,0.02871900314998491,0.9971621560177456,0.97914702467755,1.0102605120273458,0.57368450387026,100,0.030000000000000027,0,0.010768104830185634,0.995456266239552
c_glm,income_threshold_logistic,age,dt,DT,Decision Tree Classifier,Brier,ppi_plus_plus_v1,PPI++V1,0.975,1.0,0.012258385213175738,0.002480457363316175,0.002576883054840235,0.12093936754565641,0.006206406232277048,0.9956061240700782,0.028719003149984983,0.9971621560177446,0.9791470246775492,1.0102605120273462,0.57368450387026,100,0.025000000000000022,0,0.012314338287791557,0.9954562662395517
c_glm,income_threshold_logistic,age,dt,DT,Decision Tree Classifier,Brier,ppi_plus_plus_v2,PPI++V2,0.9,0.93,0.008998956860428519,0.00251455514734527,0.002604896227769831,0.12093936754565641,0.006206406232277048,0.9959069563462396,0.026975768483617914,0.9973104002309413,0.979427726288985,1.0109823310059707,0.55,100,0.030000000000000027,0,0.00903687844523377,0.9958036854169205
c_glm,income_threshold_logistic,age,dt,DT,Decision Tree Classifier,Brier,ppi_plus_plus_v2,PPI++V2,0.95,0.97,0.0107229184748546,0.0025073974506237265,0.0026149839131466555,0.12093936754565641,0.006206406232277048,0.9959069563462396,0.02697576848361785,0.9973104002309415,0.9794277262889852,1.0109823310059691,0.55,100,0.020000000000000018,0,0.010768104830185634,0.9958036854169207
c_glm,income_threshold_logistic,age,dt,DT,Decision Tree Classifier,Brier,ppi_plus_plus_v2,PPI++V2,0.975,1.0,0.012262663450453523,0.0025012341652968016,0.002624196189863351,0.12093936754565641,0.006206406232277048,0.9959069563462396,0.026975768483617924,0.9973104002309413,0.9794277262889852,1.01098233100597,0.55,100,0.025000000000000022,0,0.012314338287791557,0.9958036854169205
c_glm,income_threshold_logistic,age,gb,GB,Histogram Gradient Boosting Classifier,Brier,cross_ppi,Cross-PPI,0.9,0.91,0.00740190797814001,0.002021623171576981,0.0020662054201738556,0.10691323292771726,0.0039824806191259676,0.8193474380889186,0.025229709399063254,0.8197759135581577,0.8038029786745379,0.8371189593154056,,100,0.010000000000000009,0,0.00903687844523377,0.8190779618203147
c_glm,income_threshold_logistic,age,gb,GB,Histogram Gradient Boosting Classifier,Brier,cross_ppi,Cross-PPI,0.95,0.98,0.008819917356975935,0.0020183477249024447,0.0020714452351462604,0.10691323292771726,0.0039824806191259676,0.8193474380889186,0.025229709399063268,0.8197759135581579,0.803802978674538,0.8371189593154049,,100,0.030000000000000027,0,0.010768104830185634,0.8190779618203147
c_glm,income_threshold_logistic,age,gb,GB,Histogram Gradient Boosting Classifier,Brier,cross_ppi,Cross-PPI,0.975,0.99,0.01008640310593017,0.002015572657784362,0.0020762643104562345,0.10691323292771726,0.0039824806191259676,0.8193474380889185,0.025229709399063233,0.8197759135581583,0.8038029786745383,0.8371189593154051,,100,0.015000000000000013,0,0.012314338287791557,0.8190779618203144
c_glm,income_threshold_logistic,age,gb,GB,Histogram Gradient Boosting Classifier,Brier,naive_ml,Naive ML,0.9,0.15,0.0019666867509783065,0.005456956611762457,0.005500009675327136,0.10691323292771726,0.0039824806191259676,0.21770577994102902,0.011745606082049697,0.21615049274414622,0.2101130603504072,0.2249077537871378,,100,-0.75,0,0.00903687844523377,0.21762899245541764
c_glm,income_threshold_logistic,age,gb,GB,Histogram Gradient Boosting Classifier,Brier,naive_ml,Naive ML,0.95,0.15,0.002343451804847616,0.005452913022472327,0.005504213163241843,0.10691323292771726,0.0039824806191259676,0.21770577994102905,0.011745606082049736,0.2161504927441457,0.210113060350407,0.22490775378713834,,100,-0.7999999999999999,0,0.010768104830185634,0.21762899245541767
c_glm,income_threshold_logistic,age,gb,GB,Histogram Gradient Boosting Classifier,Brier,naive_ml,Naive ML,0.975,0.18,0.0026799570343272495,0.005449313498942453,0.005507979132442356,0.10691323292771726,0.0039824806191259676,0.21770577994102902,0.011745606082049654,0.21615049274414594,0.21011306035040686,0.22490775378713795,,100,-0.7949999999999999,0,0.012314338287791557,0.21762899245541764
c_glm,income_threshold_logistic,age,gb,GB,Histogram Gradient Boosting Classifier,Brier,ppi,PPI,0.9,0.94,0.008636686181060371,0.002146079739691257,0.002236165920056929,0.10691323292771726,0.0039824806191259676,0.9560203028305797,0.036415432660415664,0.9560397462363668,0.932234399421295,0.9767421240207543,,100,0.039999999999999925,0,0.00903687844523377,0.9557156526339614
c_glm,income_threshold_logistic,age,gb,GB,Histogram Gradient Boosting Classifier,Brier,ppi,PPI,0.95,0.98,0.010291246335411777,0.0021395475039028876,0.0022467916314384967,0.10691323292771726,0.0039824806191259676,0.9560203028305798,0.0364154326604156,0.9560397462363667,0.9322343994212954,0.9767421240207548,,100,0.030000000000000027,0,0.010768104830185634,0.9557156526339615
c_glm,income_threshold_logistic,age,gb,GB,Histogram Gradient Boosting Classifier,Brier,ppi,PPI,0.975,0.99,0.011769005853472085,0.0021340364651168645,0.0022565612325562492,0.10691323292771726,0.0039824806191259676,0.9560203028305797,0.03641543266041553,0.9560397462363666,0.932234399421295,0.9767421240207538,,100,0.015000000000000013,0,0.012314338287791557,0.9557156526339613
c_glm,income_threshold_logistic,age,gb,GB,Histogram Gradient Boosting Classifier,Brier,ppi_plus_plus_v1,PPI++V1,0.9,0.95,0.008507994305861005,0.0021490446163290908,0.0022169864984399232,0.10691323292771726,0.0039824806191259676,0.9416950292531984,0.028128777734762477,0.9432143678798313,0.9255651475710684,0.9585584917552303,0.7594310679957883,100,0.04999999999999993,0,0.00903687844523377,0.9414749083350004
c_glm,income_threshold_logistic,age,gb,GB,Histogram Gradient Boosting Classifier,Brier,ppi_plus_plus_v1,PPI++V1,0.95,0.98,0.010137900507940696,0.0021439627544389854,0.0022248686096076843,0.10691323292771726,0.0039824806191259676,0.9416950292531984,0.028128777734762522,0.9432143678798306,0.9255651475710692,0.9585584917552309,0.7594310679957883,100,0.030000000000000027,0,0.010768104830185634,0.9414749083350005
c_glm,income_threshold_logistic,age,gb,GB,Histogram Gradient Boosting Classifier,Brier,ppi_plus_plus_v1,PPI++V1,0.975,0.99,0.011593640510704741,0.002139641597829073,0.00223210337150864,0.10691323292771726,0.0039824806191259676,0.9416950292531981,0.028128777734762505,0.9432143678798316,0.9255651475710686,0.958558491755231,0.7594310679957883,100,0.015000000000000013,0,0.012314338287791557,0.9414749083350004
c_glm,income_threshold_logistic,age,gb,GB,Histogram Gradient Boosting Classifier,Brier,ppi_plus_plus_v2,PPI++V2,0.9,0.95,0.008491866917520526,0.0021376725490717396,0.002211894608047334,0.10691323292771726,0.0039824806191259676,0.9398877552499872,0.02584897240283566,0.9419859326458404,0.9238380550759845,0.955048840618333,0.7625,100,0.04999999999999993,0,0.00903687844523377,0.9396902889624797
c_glm,income_threshold_logistic,age,gb,GB,Histogram Gradient Boosting Classifier,Brier,ppi_plus_plus_v2,PPI++V2,0.95,0.98,0.010118683539455412,0.0021318142188982286,0.00222020541819494,0.10691323292771726,0.0039824806191259676,0.9398877552499871,0.02584897240283564,0.9419859326458402,0.9238380550759844,0.955048840618332,0.7625,100,0.030000000000000027,0,0.010768104830185634,0.9396902889624797
c_glm,income_threshold_logistic,age,gb,GB,Histogram Gradient Boosting Classifier,Brier,ppi_plus_plus_v2,PPI++V2,0.975,0.99,0.011571664104036573,0.0021267736574601052,0.002227798046272637,0.10691323292771726,0.0039824806191259676,0.939887755249987,0.02584897240283565,0.9419859326458402,0.9238380550759848,0.9550488406183324,0.7625,100,0.015000000000000013,0,0.012314338287791557,0.9396902889624795
c_glm,income_threshold_logistic,age,lin,LIN,Logistic Regression,Brier,cross_ppi,Cross-PPI,0.9,0.9,0.007805429482875044,0.002298206995699377,0.0023363038789189494,0.10766246222498528,0.0031761281915587878,0.8639616846984048,0.02417547763016885,0.8647747175757983,0.8506045065284086,0.8798096639462141,,100,0.0,0,0.00903687844523377,0.8637307152218898
c_glm,income_threshold_logistic,age,lin,LIN,Logistic Regression,Brier,cross_ppi,Cross-PPI,0.95,0.97,0.009300742886560525,0.002295490741973705,0.0023408678866310047,0.10766246222498528,0.0031761281915587878,0.8639616846984048,0.024175477630168876,0.8647747175757976,0.850604506528408,0.8798096639462132,,100,0.020000000000000018,0,0.010768104830185634,0.8637307152218899
c_glm,income_threshold_logistic,age,lin,LIN,Logistic Regression,Brier,cross_ppi,Cross-PPI,0.975,0.98,0.010636272216798503,0.002293204929868352,0.0023450764410906984,0.10766246222498528,0.0031761281915587878,0.8639616846984048,0.024175477630168897,0.8647747175757976,0.850604506528408,0.8798096639462131,,100,0.0050000000000000044,0,0.012314338287791557,0.8637307152218898
c_glm,income_threshold_logistic,age,lin,LIN,Logistic Regression,Brier,naive_ml,Naive ML,0.9,0.16,0.0016258620126847062,0.005075404077185078,0.005095666806986578,0.10766246222498528,0.0031761281915587878,0.18003851627214232,0.02421196636734745,0.18976595741392788,0.15472103121636094,0.1988713266335562,,100,-0.74,0,0.00903687844523377,0.17991411774961058
c_glm,income_threshold_logistic,age,lin,LIN,Logistic Regression,Brier,naive_ml,Naive ML,0.95,0.18,0.001937334080358169,0.005073931400033729,0.00509807371428292,0.10766246222498528,0.0031761281915587878,0.18003851627214235,0.024211966367347418,0.18976595741392793,0.15472103121636083,0.19887132663355658,,100,-0.77,0,0.010768104830185634,0.1799141177496106
c_glm,income_threshold_logistic,age,lin,LIN,Logistic Regression,Brier,naive_ml,Naive ML,0.975,0.18,0.0022155233087182676,0.005072685573803511,0.005100291936478904,0.10766246222498528,0.0031761281915587878,0.1800385162721423,0.024211966367347425,0.189765957413928,0.15472103121636072,0.1988713266335561,,100,-0.7949999999999999,0,0.012314338287791557,0.17991411774961052
c_glm,income_threshold_logistic,age,lin,LIN,Logistic Regression,Brier,ppi,PPI,0.9,0.91,0.008819956889173199,0.002506066919668767,0.002544312213220572,0.10766246222498528,0.0031761281915587878,0.9762471901873243,0.03360420373909147,0.9768658814281366,0.9566136612487224,0.9957186403872138,,100,0.010000000000000009,0,0.00903687844523377,0.975995963940958
c_glm,income_threshold_logistic,age,lin,LIN,Logistic Regression,Brier,ppi,PPI,0.95,0.98,0.010509626853554312,0.0025041984650628307,0.0025497384620130166,0.10766246222498528,0.0031761281915587878,0.9762471901873243,0.03360420373909147,0.9768658814281362,0.9566136612487227,0.995718640387212,,100,0.030000000000000027,0,0.010768104830185634,0.9759959639409578
c_glm,income_threshold_logistic,age,lin,LIN,Logistic Regression,Brier,ppi,PPI,0.975,1.0,0.012018744467488164,0.0025027983865595145,0.002554839536558793,0.10766246222498528,0.0031761281915587878,0.9762471901873243,0.03360420373909149,0.9768658814281354,0.9566136612487228,0.9957186403872125,,100,0.025000000000000022,0,0.012314338287791557,0.9759959639409578
c_glm,income_threshold_logistic,age,lin,LIN,Logistic Regression,Brier,ppi_plus_plus_v1,PPI++V1,0.9,0.93,0.00876912781397802,0.002470880256304043,0.0025028398513750535,0.10766246222498528,0.0031761281915587878,0.9705870833221161,0.028644160850219744,0.9719515848837352,0.9537871671044802,0.9867754805480932,0.852938199225065,100,0.030000000000000027,0,0.00903687844523377,0.9703713364212654
c_glm,income_threshold_logistic,age,lin,LIN,Logistic Regression,Brier,ppi_plus_plus_v1,PPI++V1,0.95,0.98,0.010449060274791517,0.002469228866167262,0.0025072896580113323,0.10766246222498528,0.0031761281915587878,0.9705870833221161,0.0286441608502196,0.9719515848837355,0.9537871671044812,0.9867754805480943,0.852938199225065,100,0.030000000000000027,0,0.010768104830185634,0.9703713364212654
c_glm,income_threshold_logistic,age,lin,LIN,Logistic Regression,Brier,ppi_plus_plus_v1,PPI++V1,0.975,1.0,0.011949480901467848,0.002467964660437464,0.002511465297941457,0.10766246222498528,0.0031761281915587878,0.970587083322116,0.028644160850219636,0.9719515848837357,0.9537871671044809,0.9867754805480939,0.852938199225065,100,0.025000000000000022,0,0.012314338287791557,0.9703713364212653
c_glm,income_threshold_logistic,age,lin,LIN,Logistic Regression,Brier,ppi_plus_plus_v2,PPI++V2,0.9,0.94,0.008763207326016915,0.0024566333437401142,0.0024916555629916357,0.10766246222498528,0.0031761281915587878,0.9699180465335557,0.027904290730593962,0.9716830789951829,0.9532952359891378,0.9860065763379324,0.875,100,0.039999999999999925,0,0.00903687844523377,0.9697161889611126
c_glm,income_threshold_logistic,age,lin,LIN,Logistic Regression,Brier,ppi_plus_plus_v2,PPI++V2,0.95,0.98,0.010442005578261361,0.0024546673349093644,0.002496375669249194,0.10766246222498528,0.0031761281915587878,0.9699180465335556,0.027904290730594,0.9716830789951824,0.953295235989138,0.9860065763379324,0.875,100,0.030000000000000027,0,0.010768104830185634,0.9697161889611126
c_glm,income_threshold_logistic,age,lin,LIN,Logistic Regression,Brier,ppi_plus_plus_v2,PPI++V2,0.975,1.0,0.01194141319401514,0.00245311928150926,0.0025007890870850174,0.10766246222498528,0.0031761281915587878,0.9699180465335556,0.027904290730593997,0.9716830789951826,0.9532952359891378,0.9860065763379322,0.875,100,0.025000000000000022,0,0.012314338287791557,0.9697161889611126
c_glm,income_threshold_logistic,age,reference,Reference,None,,classic,Classic,0.9,0.94,0.00903687844523377,0.0023777683153302915,0.002483876427075587,,,1.0,0.0,1.0,1.0,1.0,,100,0.039999999999999925,0,0.00903687844523377,1.0
c_glm,income_threshold_logistic,age,reference,Reference,None,,classic,Classic,0.95,0.96,0.010768104830185634,0.0023681636013505613,0.0024945708806377418,,,1.0,0.0,1.0,1.0,1.0,,100,0.010000000000000009,0,0.010768104830185634,1.0
c_glm,income_threshold_logistic,age,reference,Reference,None,,classic,Classic,0.975,1.0,0.012314338287791557,0.0023596720903546714,0.0025041969552648704,,,1.0,0.0,1.0,1.0,1.0,,100,0.025000000000000022,0,0.012314338287791557,1.0
c_glm,income_threshold_logistic,age,rf,RF,Random Forest Classifier,Brier,cross_ppi,Cross-PPI,0.9,0.93,0.007604971157386095,0.002030133391634032,0.0020766119634499924,0.1151697280043753,0.004357954794779213,0.8417969640256746,0.024403288225394112,0.8420011877716872,0.8265517128891262,0.8579971052857992,,100,0.030000000000000027,0,0.00903687844523377,0.8415484620573942
c_glm,income_threshold_logistic,age,rf,RF,Random Forest Classifier,Brier,cross_ppi,Cross-PPI,0.95,0.96,0.009061882059115518,0.0020266702286777685,0.0020820265588500702,0.1151697280043753,0.004357954794779213,0.8417969640256746,0.02440328822539407,0.8420011877716872,0.8265517128891251,0.8579971052857996,,100,0.010000000000000009,0,0.010768104830185634,0.8415484620573942
c_glm,income_threshold_logistic,age,rf,RF,Random Forest Classifier,Brier,cross_ppi,Cross-PPI,0.975,0.99,0.010363112447345469,0.0020237267376661144,0.0020870006246937606,0.1151697280043753,0.004357954794779213,0.8417969640256744,0.024403288225394122,0.8420011877716873,0.8265517128891249,0.857997105285799,,100,0.015000000000000013,0,0.012314338287791557,0.8415484620573941
c_glm,income_threshold_logistic,age,rf,RF,Random Forest Classifier,Brier,naive_ml,Naive ML,0.9,0.04,0.0013807569214330183,0.004407515160846407,0.00443093687450069,0.1151697280043753,0.004357954794779213,0.15284489262338763,0.008502962381574957,0.1518878328847164,0.14769492850127172,0.15898514210740605,,100,-0.86,0,0.00903687844523377,0.15279135708207486
c_glm,income_threshold_logistic,age,rf,RF,Random Forest Classifier,Brier,naive_ml,Naive ML,0.95,0.08,0.001645273350206108,0.004405329793084822,0.004433238120378624,0.1151697280043753,0.004357954794779213,0.1528448926233876,0.008502962381574929,0.15188783288471658,0.147694928501271,0.15898514210740677,,100,-0.87,0,0.010768104830185634,0.15279135708207484
c_glm,income_threshold_logistic,age,rf,RF,Random Forest Classifier,Brier,naive_ml,Naive ML,0.975,0.11,0.0018815244585594258,0.004403386590032704,0.004435301945486961,0.1151697280043753,0.004357954794779213,0.1528448926233876,0.008502962381575007,0.1518878328847168,0.14769492850127147,0.15898514210740664,,100,-0.865,0,0.012314338287791557,0.15279135708207484
c_glm,income_threshold_logistic,age,rf,RF,Random Forest Classifier,Brier,ppi,PPI,0.9,0.93,0.008968673679433074,0.0024869356155035813,0.0025863590926654165,0.1151697280043753,0.004357954794779213,0.9927382620423417,0.035363299427300036,0.9895879406454252,0.9697041653063212,1.0138399665219064,,100,0.030000000000000027,0,0.00903687844523377,0.9924526188756397
c_glm,income_threshold_logistic,age,rf,RF,Random Forest Classifier,Brier,ppi,PPI,0.95,0.97,0.01068683383904516,0.00247916464704346,0.0025975551004309406,0.1151697280043753,0.004357954794779213,0.9927382620423418,0.03536329942729996,0.9895879406454251,0.9697041653063218,1.013839966521906,,100,0.020000000000000018,0,0.010768104830185634,0.9924526188756398
c_glm,income_threshold_logistic,age,rf,RF,Random Forest Classifier,Brier,ppi,PPI,0.975,0.99,0.01222139728343929,0.002472494065536673,0.0026077896768489334,0.1151697280043753,0.004357954794779213,0.9927382620423417,0.03536329942730003,0.989587940645426,0.9697041653063212,1.013839966521906,,100,0.015000000000000013,0,0.012314338287791557,0.9924526188756395
c_glm,income_threshold_logistic,age,rf,RF,Random Forest Classifier,Brier,ppi_plus_plus_v1,PPI++V1,0.9,0.94,0.00894249145660781,0.002462134975018997,0.0025470412607209165,0.1151697280043753,0.004357954794779213,0.9897768471555757,0.028807815308611023,0.9880986919640045,0.9720386758452518,1.0042630391303988,0.7640894601216625,100,0.039999999999999925,0,0.00903687844523377,0.9895553548497997
c_glm,income_threshold_logistic,age,rf,RF,Random Forest Classifier,Brier,ppi_plus_plus_v1,PPI++V1,0.95,0.97,0.010655635796294189,0.0024553094163810053,0.0025564297578657964,0.1151697280043753,0.004357954794779213,0.9897768471555759,0.028807815308611023,0.9880986919640053,0.9720386758452526,1.0042630391303995,0.7640894601216625,100,0.020000000000000018,0,0.010768104830185634,0.9895553548497998
c_glm,income_threshold_logistic,age,rf,RF,Random Forest Classifier,Brier,ppi_plus_plus_v1,PPI++V1,0.975,0.99,0.01218571939411605,0.0024494136139679786,0.002564992704182474,0.1151697280043753,0.004357954794779213,0.9897768471555757,0.028807815308611026,0.9880986919640047,0.9720386758452524,1.0042630391303984,0.7640894601216625,100,0.015000000000000013,0,0.012314338287791557,0.9895553548497997
c_glm,income_threshold_logistic,age,rf,RF,Random Forest Classifier,Brier,ppi_plus_plus_v2,PPI++V2,0.9,0.91,0.008943309773420767,0.002499311744392317,0.0025888592854816602,0.1151697280043753,0.004357954794779213,0.9898559479173725,0.02822499136302159,0.9881616506066737,0.9707103743263851,1.0070239217572494,0.725,100,0.010000000000000009,0,0.00903687844523377,0.9896459078895375
c_glm,income_threshold_logistic,age,rf,RF,Random Forest Classifier,Brier,ppi_plus_plus_v2,PPI++V2,0.95,0.97,0.010656610880918778,0.0024919836950794303,0.0025986348697290915,0.1151697280043753,0.004357954794779213,0.9898559479173725,0.0282249913630216,0.9881616506066746,0.9707103743263847,1.0070239217572485,0.725,100,0.020000000000000018,0,0.010768104830185634,0.9896459078895377
c_glm,income_threshold_logistic,age,rf,RF,Random Forest Classifier,Brier,ppi_plus_plus_v2,PPI++V2,0.975,0.99,0.012186834494880368,0.0024856305563594637,0.0026075351850480986,0.1151697280043753,0.004357954794779213,0.9898559479173725,0.028224991363021642,0.988161650606674,0.9707103743263845,1.007023921757249,0.725,100,0.015000000000000013,0,0.012314338287791557,0.9896459078895374
c_glm,income_threshold_logistic,education-num,dt,DT,Decision Tree Classifier,Brier,cross_ppi,Cross-PPI,0.9,0.94,0.05217174351074332,0.013237191121991511,0.014023590829561245,0.12093936754565641,0.006206406232277048,0.9309516445236748,0.025594118618295317,0.9273681761594825,0.914001420623066,0.9490069081851022,,100,0.039999999999999925,0,0.056053767915987984,0.9307446305650149
c_glm,income_threshold_logistic,education-num,dt,DT,Decision Tree Classifier,Brier,cross_ppi,Cross-PPI,0.95,0.98,0.06216646673980005,0.013167728943707793,0.014104392377822303,0.12093936754565641,0.006206406232277048,0.9309516445236748,0.02559411861829527,0.9273681761594816,0.9140014206230656,0.9490069081851008,,100,0.030000000000000027,0,0.06679218412687643,0.9307446305650149
c_glm,income_threshold_logistic,education-num,dt,DT,Decision Tree Classifier,Brier,cross_ppi,Cross-PPI,0.975,0.99,0.07109318804592682,0.013106614698639092,0.01417731368319662,0.12093936754565641,0.006206406232277048,0.9309516445236748,0.025594118618295227,0.9273681761594823,0.914001420623066,0.9490069081851008,,100,0.015000000000000013,0,0.07638312992766792,0.930744630565015
c_glm,income_threshold_logistic,education-num,dt,DT,Decision Tree Classifier,Brier,naive_ml,Naive ML,0.9,0.02,0.010691449215607966,0.05113941127593538,0.05193800447913568,0.12093936754565641,0.006206406232277048,0.1908610039478886,0.023018892410126286,0.19020167163415735,0.17401766257860124,0.20796286269094888,,100,-0.88,0,0.056053767915987984,0.1907356028524621
c_glm,income_threshold_logistic,education-num,dt,DT,Decision Tree Classifier,Brier,naive_ml,Naive ML,0.95,0.03,0.01273964750527243,0.05106385652940274,0.052015421828655116,0.12093936754565641,0.006206406232277048,0.19086100394788866,0.02301889241012635,0.19020167163415866,0.17401766257860163,0.20796286269094857,,100,-0.9199999999999999,0,0.06679218412687643,0.19073560285246216
c_glm,income_threshold_logistic,education-num,dt,DT,Decision Tree Classifier,Brier,naive_ml,Naive ML,0.975,0.04,0.01456898233451168,0.05099651677623272,0.052084700516241804,0.12093936754565641,0.006206406232277048,0.19086100394788857,0.023018892410126328,0.1902016716341578,0.17401766257860174,0.20796286269094855,,100,-0.9349999999999999,0,0.07638312992766792,0.19073560285246208
c_glm,income_threshold_logistic,education-num,dt,DT,Decision Tree Classifier,Brier,ppi,PPI,0.9,0.92,0.06231928360859777,0.017370226391278925,0.01938470803144788,0.12093936754565641,0.006206406232277048,1.1121495200426241,0.060048732451034315,1.1150658777119355,1.0718324508228425,1.147040511009303,,100,0.020000000000000018,0,0.056053767915987984,1.1117768871844689
c_glm,income_threshold_logistic,education-num,dt,DT,Decision Tree Classifier,Brier,ppi,PPI,0.95,0.97,0.07425800655683058,0.017197066848390154,0.019595044281510893,0.12093936754565641,0.006206406232277048,1.1121495200426241,0.06004873245103413,1.115065877711935,1.0718324508228432,1.147040511009303,,100,0.020000000000000018,0,0.06679218412687643,1.111776887184469
c_glm,income_threshold_logistic,education-num,dt,DT,Decision Tree Classifier,Brier,ppi,PPI,0.975,0.98,0.08492099842438951,0.017045721377360618,0.01978514778143718,0.12093936754565641,0.006206406232277048,1.1121495200426241,0.06004873245103433,1.1150658777119349,1.0718324508228427,1.147040511009304,,100,0.0050000000000000044,0,0.07638312992766792,1.111776887184469
c_glm,income_threshold_logistic,education-num,dt,DT,Decision Tree Classifier,Brier,ppi_plus_plus_v1,PPI++V1,0.9,0.92,0.05844763716445158,0.01634213509058893,0.017601690593987387,0.12093936754565641,0.006206406232277048,1.0429194848997774,0.03739378802447694,1.043012859927336,1.019091367166753,1.0653245581155724,0.57368450387026,100,0.020000000000000018,0,0.056053767915987984,1.0427066607199622
c_glm,income_threshold_logistic,education-num,dt,DT,Decision Tree Classifier,Brier,ppi_plus_plus_v1,PPI++V1,0.95,0.98,0.06964465527312819,0.016231227555323247,0.017731255989523083,0.12093936754565641,0.006206406232277048,1.0429194848997774,0.037393788024476834,1.043012859927336,1.019091367166752,1.065324558115571,0.57368450387026,100,0.030000000000000027,0,0.06679218412687643,1.0427066607199622
c_glm,income_threshold_logistic,education-num,dt,DT,Decision Tree Classifier,Brier,ppi_plus_plus_v1,PPI++V1,0.975,0.98,0.07964519834221762,0.016133737538531093,0.017848179780601242,0.12093936754565641,0.006206406232277048,1.0429194848997774,0.03739378802447686,1.0430128599273365,1.019091367166752,1.0653245581155715,0.57368450387026,100,0.0050000000000000044,0,0.07638312992766792,1.042706660719962
c_glm,income_threshold_logistic,education-num,dt,DT,Decision Tree Classifier,Brier,ppi_plus_plus_v2,PPI++V2,0.9,0.91,0.058338311111908785,0.01655823833607133,0.017731914769937587,0.12093936754565641,0.006206406232277048,1.0409184929768407,0.03321419256246309,1.0394350499451446,1.0189533758202605,1.0565187194274712,0.55,100,0.010000000000000009,0,0.056053767915987984,1.0407562824205647
c_glm,income_threshold_logistic,education-num,dt,DT,Decision Tree Classifier,Brier,ppi_plus_plus_v2,PPI++V2,0.95,0.98,0.06951438524663778,0.016454154113292135,0.017852022625632288,0.12093936754565641,0.006206406232277048,1.0409184929768405,0.0332141925624629,1.039435049945145,1.0189533758202591,1.05651871942747,0.55,100,0.030000000000000027,0,0.06679218412687643,1.040756282420565
c_glm,income_threshold_logistic,education-num,dt,DT,Decision Tree Classifier,Brier,ppi_plus_plus_v2,PPI++V2,0.975,0.98,0.07949622234316667,0.016362524341168482,0.017960340883329998,0.12093936754565641,0.006206406232277048,1.0409184929768407,0.033214192562462934,1.0394350499451452,1.018953375820259,1.0565187194274697,0.55,100,0.0050000000000000044,0,0.07638312992766792,1.040756282420565
c_glm,income_threshold_logistic,education-num,gb,GB,Histogram Gradient Boosting Classifier,Brier,cross_ppi,Cross-PPI,0.9,0.93,0.0482682026422102,0.012723140854528069,0.013393519343360163,0.10691323292771726,0.0039824806191259676,0.8612636447613332,0.02315643136612811,0.8600350076721902,0.8458108141663864,0.8796146849319086,,100,0.030000000000000027,0,0.056053767915987984,0.8611054071254122
c_glm,income_threshold_logistic,education-num,gb,GB,Histogram Gradient Boosting Classifier,Brier,cross_ppi,Cross-PPI,0.95,0.98,0.05751511090536942,0.012665013842211333,0.013463457973607935,0.10691323292771726,0.0039824806191259676,0.8612636447613332,0.02315643136612825,0.8600350076721895,0.8458108141663868,0.8796146849319088,,100,0.030000000000000027,0,0.06679218412687643,0.8611054071254122
c_glm,income_threshold_logistic,education-num,gb,GB,Histogram Gradient Boosting Classifier,Brier,cross_ppi,Cross-PPI,0.975,0.98,0.06577392619387773,0.012614051026814078,0.013526717295885676,0.10691323292771726,0.0039824806191259676,0.8612636447613332,0.023156431366128227,0.8600350076721899,0.8458108141663877,0.879614684931909,,100,0.0050000000000000044,0,0.07638312992766792,0.8611054071254121
c_glm,income_threshold_logistic,education-num,gb,GB,Histogram Gradient Boosting Classifier,Brier,naive_ml,Naive ML,0.9,0.1,0.011172173315392742,0.033527204557193324,0.03381352168429482,0.10691323292771726,0.0039824806191259676,0.1993747862863172,0.011657034643443033,0.20084200530056953,0.19199529508940427,0.2063905796096797,,100,-0.8,0,0.056053767915987984,0.1993117274852481
c_glm,income_threshold_logistic,education-num,gb,GB,Histogram Gradient Boosting Classifier,Brier,naive_ml,Naive ML,0.95,0.12,0.013312465600840508,0.03350028562898754,0.03384144842293364,0.10691323292771726,0.0039824806191259676,0.1993747862863172,0.011657034643442954,0.20084200530056895,0.19199529508940463,0.20639057960968044,,100,-0.83,0,0.06679218412687643,0.19931172748524809
c_glm,income_threshold_logistic,education-num,gb,GB,Histogram Gradient Boosting Classifier,Brier,naive_ml,Naive ML,0.975,0.16,0.01522405357661365,0.033476318769701224,0.03386646435940401,0.10691323292771726,0.0039824806191259676,0.19937478628631722,0.011657034643442995,0.20084200530056856,0.19199529508940474,0.2063905796096801,,100,-0.815,0,0.07638312992766792,0.19931172748524814
c_glm,income_threshold_logistic,education-num,gb,GB,Histogram Gradient Boosting Classifier,Brier,ppi,PPI,0.9,0.93,0.05695889042930116,0.015298618013935625,0.016421317796849924,0.10691323292771726,0.0039824806191259676,1.0164106954776915,0.03810672003356784,1.0149286898499392,0.992553213235486,1.040598623438909,,100,0.030000000000000027,0,0.056053767915987984,1.016147398238594
c_glm,income_threshold_logistic,education-num,gb,GB,Histogram Gradient Boosting Classifier,Brier,ppi,PPI,0.95,0.97,0.06787070412319861,0.015201852275479879,0.01653876011833871,0.10691323292771726,0.0039824806191259676,1.0164106954776915,0.03810672003356787,1.0149286898499386,0.9925532132354858,1.0405986234389097,,100,0.020000000000000018,0,0.06679218412687643,1.016147398238594
c_glm,income_threshold_logistic,education-num,gb,GB,Histogram Gradient Boosting Classifier,Brier,ppi,PPI,0.975,0.99,0.07761651874532025,0.015117150583218804,0.016644993705271973,0.10691323292771726,0.0039824806191259676,1.0164106954776915,0.0381067200335679,1.014928689849939,0.992553213235487,1.0405986234389097,,100,0.015000000000000013,0,0.07638312992766792,1.016147398238594
c_glm,income_threshold_logistic,education-num,gb,GB,Histogram Gradient Boosting Classifier,Brier,ppi_plus_plus_v1,PPI++V1,0.9,0.93,0.05588694627786229,0.01519093122703525,0.016070628193973535,0.10691323292771726,0.0039824806191259676,0.9972144763535263,0.029851333193114518,1.000122122959672,0.9770487627083633,1.0189633963035283,0.7594310679957883,100,0.030000000000000027,0,0.056053767915987984,0.997023899653352
c_glm,income_threshold_logistic,education-num,gb,GB,Histogram Gradient Boosting Classifier,Brier,ppi_plus_plus_v1,PPI++V1,0.95,0.97,0.06659340388454306,0.015114593822631158,0.016162303376764425,0.10691323292771726,0.0039824806191259676,0.9972144763535264,0.029851333193114584,1.000122122959671,0.9770487627083644,1.0189633963035285,0.7594310679957883,100,0.020000000000000018,0,0.06679218412687643,0.997023899653352
c_glm,income_threshold_logistic,education-num,gb,GB,Histogram Gradient Boosting Classifier,Brier,ppi_plus_plus_v1,PPI++V1,0.975,0.99,0.07615580606821214,0.015047661516929945,0.01624520429021516,0.10691323292771726,0.0039824806191259676,0.9972144763535263,0.029851333193114744,1.0001221229596713,0.9770487627083646,1.0189633963035285,0.7594310679957883,100,0.015000000000000013,0,0.07638312992766792,0.997023899653352
c_glm,income_threshold_logistic,education-num,gb,GB,Histogram Gradient Boosting Classifier,Brier,ppi_plus_plus_v2,PPI++V2,0.9,0.93,0.05575681795364594,0.015324581416215623,0.016184129410553357,0.10691323292771726,0.0039824806191259676,0.9948611406571749,0.026834412170767808,0.9946370939417233,0.9756953813760914,1.0158589741633732,0.7625,100,0.030000000000000027,0,0.056053767915987984,0.99470240853769
c_glm,income_threshold_logistic,education-num,gb,GB,Histogram Gradient Boosting Classifier,Brier,ppi_plus_plus_v2,PPI++V2,0.95,0.96,0.06643834642249687,0.01524905002607703,0.016272836525613878,0.10691323292771726,0.0039824806191259676,0.9948611406571749,0.026834412170767773,0.9946370939417217,0.9756953813760929,1.015858974163373,0.7625,100,0.010000000000000009,0,0.06679218412687643,0.9947024085376902
c_glm,income_threshold_logistic,education-num,gb,GB,Histogram Gradient Boosting Classifier,Brier,ppi_plus_plus_v2,PPI++V2,0.975,0.99,0.07597848331069859,0.015182659008124526,0.016352945636225625,0.10691323292771726,0.0039824806191259676,0.9948611406571747,0.026834412170767815,0.9946370939417228,0.9756953813760921,1.0158589741633735,0.7625,100,0.015000000000000013,0,0.07638312992766792,0.99470240853769
c_glm,income_threshold_logistic,education-num,lin,LIN,Logistic Regression,Brier,cross_ppi,Cross-PPI,0.9,0.94,0.04990971746719234,0.013275564448462155,0.013939054255542798,0.10766246222498528,0.0031761281915587878,0.8906010125333491,0.024996749543563707,0.8912316786338871,0.8733223239323826,0.9053953157421571,,100,0.039999999999999925,0,0.056053767915987984,0.8903900544562108
c_glm,income_threshold_logistic,education-num,lin,LIN,Logistic Regression,Brier,cross_ppi,Cross-PPI,0.95,0.97,0.05947109646197877,0.013217945965274723,0.01400820787450886,0.10766246222498528,0.0031761281915587878,0.8906010125333491,0.024996749543563786,0.8912316786338866,0.8733223239323834,0.905395315742158,,100,0.020000000000000018,0,0.06679218412687643,0.8903900544562109
c_glm,income_threshold_logistic,education-num,lin,LIN,Logistic Regression,Brier,cross_ppi,Cross-PPI,0.975,0.99,0.06801077921583207,0.013167410991485473,0.01407075121105709,0.10766246222498528,0.0031761281915587878,0.8906010125333491,0.02499674954356375,0.8912316786338874,0.873322323932383,0.9053953157421569,,100,0.015000000000000013,0,0.07638312992766792,0.8903900544562108
c_glm,income_threshold_logistic,education-num,lin,LIN,Logistic Regression,Brier,naive_ml,Naive ML,0.9,0.08,0.009356770957775809,0.03619741695288323,0.036879214276397954,0.10766246222498528,0.0031761281915587878,0.16696849922804988,0.023326526773702703,0.17236903171704326,0.14407406231298855,0.18711161810638702,,100,-0.8200000000000001,0,0.056053767915987984,0.16692492415138815
c_glm,income_threshold_logistic,education-num,lin,LIN,Logistic Regression,Brier,naive_ml,Naive ML,0.95,0.1,0.011149280269284398,0.036133913237401505,0.036946285201216754,0.10766246222498528,0.0031761281915587878,0.16696849922804982,0.023326526773702578,0.1723690317170443,0.14407406231298936,0.18711161810638605,,100,-0.85,0,0.06679218412687643,0.16692492415138813
c_glm,income_threshold_logistic,education-num,lin,LIN,Logistic Regression,Brier,naive_ml,Naive ML,0.975,0.11,0.012750248169621599,0.03607746771997365,0.03700644408537028,0.10766246222498528,0.0031761281915587878,0.1669684992280499,0.023326526773702602,0.17236903171704399,0.14407406231298858,0.1871116181063859,,100,-0.865,0,0.07638312992766792,0.1669249241513882
c_glm,income_threshold_logistic,education-num,lin,LIN,Logistic Regression,Brier,ppi,PPI,0.9,0.93,0.05667797561930636,0.015635220046510995,0.016621666715298754,0.10766246222498528,0.0031761281915587878,1.0114647446646905,0.03871855145577068,1.009027086543675,0.9830363853986146,1.0311585244229466,,100,0.030000000000000027,0,0.056053767915987984,1.0111358741173997
c_glm,income_threshold_logistic,education-num,lin,LIN,Logistic Regression,Brier,ppi,PPI,0.95,0.96,0.06753597348133952,0.015551205603473936,0.016725893251291094,0.10766246222498528,0.0031761281915587878,1.0114647446646905,0.03871855145577074,1.0090270865436748,0.9830363853986156,1.031158524422947,,100,0.010000000000000009,0,0.06679218412687643,1.0111358741174
c_glm,income_threshold_logistic,education-num,lin,LIN,Logistic Regression,Brier,ppi,PPI,0.975,0.97,0.07723372284723543,0.015477825786988477,0.01682031610219995,0.10766246222498528,0.0031761281915587878,1.0114647446646905,0.03871855145577071,1.0090270865436746,0.9830363853986159,1.0311585244229473,,100,-0.0050000000000000044,0,0.07638312992766792,1.0111358741173997
c_glm,income_threshold_logistic,education-num,lin,LIN,Logistic Regression,Brier,ppi_plus_plus_v1,PPI++V1,0.9,0.94,0.05628665315052811,0.015615898288856981,0.01645314361640529,0.10766246222498528,0.0031761281915587878,1.0044083817592917,0.031187003277703615,1.0027238535911436,0.9840584772104062,1.0232289944003834,0.852938199225065,100,0.039999999999999925,0,0.056053767915987984,1.0041546758264166
c_glm,income_threshold_logistic,education-num,lin,LIN,Logistic Regression,Brier,ppi_plus_plus_v1,PPI++V1,0.95,0.97,0.06706968399966194,0.015543202271047442,0.016540389193346834,0.10766246222498528,0.0031761281915587878,1.0044083817592917,0.031187003277703476,1.0027238535911436,0.9840584772104058,1.0232289944003823,0.852938199225065,100,0.020000000000000018,0,0.06679218412687643,1.0041546758264168
c_glm,income_threshold_logistic,education-num,lin,LIN,Logistic Regression,Brier,ppi_plus_plus_v1,PPI++V1,0.975,0.99,0.07670047707112446,0.015479449950075528,0.0166192886318048,0.10766246222498528,0.0031761281915587878,1.0044083817592917,0.031187003277703476,1.0027238535911438,0.984058477210406,1.023228994400383,0.852938199225065,100,0.015000000000000013,0,0.07638312992766792,1.0041546758264168
c_glm,income_threshold_logistic,education-num,lin,LIN,Logistic Regression,Brier,ppi_plus_plus_v2,PPI++V2,0.9,0.94,0.05619067244468421,0.015599404453786153,0.016422187676135267,0.10766246222498528,0.0031761281915587878,1.0026707261933552,0.029262158160236605,1.0021279782980406,0.9839164179748106,1.0214840475343656,0.875,100,0.039999999999999925,0,0.056053767915987984,1.002442378697921
c_glm,income_threshold_logistic,education-num,lin,LIN,Logistic Regression,Brier,ppi_plus_plus_v2,PPI++V2,0.95,0.97,0.06695531593457554,0.01552750242619379,0.016507498732764907,0.10766246222498528,0.0031761281915587878,1.0026707261933552,0.029262158160236647,1.0021279782980406,0.9839164179748092,1.021484047534364,0.875,100,0.020000000000000018,0,0.06679218412687643,1.0024423786979213
c_glm,income_threshold_logistic,education-num,lin,LIN,Logistic Regression,Brier,ppi_plus_plus_v2,PPI++V2,0.975,0.99,0.0765696864570838,0.015464365790846913,0.016584595358531403,0.10766246222498528,0.0031761281915587878,1.0026707261933552,0.02926215816023666,1.0021279782980397,0.9839164179748098,1.021484047534365,0.875,100,0.015000000000000013,0,0.07638312992766792,1.002442378697921
c_glm,income_threshold_logistic,education-num,reference,Reference,None,,classic,Classic,0.9,0.94,0.056053767915987984,0.013862044576336748,0.014568966136008908,,,1.0,0.0,1.0,1.0,1.0,,100,0.039999999999999925,0,0.056053767915987984,1.0
c_glm,income_threshold_logistic,education-num,reference,Reference,None,,classic,Classic,0.95,0.98,0.06679218412687643,0.013797975696433628,0.014640114978118299,,,1.0,0.0,1.0,1.0,1.0,,100,0.030000000000000027,0,0.06679218412687643,1.0
c_glm,income_threshold_logistic,education-num,reference,Reference,None,,classic,Classic,0.975,1.0,0.07638312992766792,0.013741323429785087,0.014704139132980108,,,1.0,0.0,1.0,1.0,1.0,,100,0.025000000000000022,0,0.07638312992766792,1.0
c_glm,income_threshold_logistic,education-num,rf,RF,Random Forest Classifier,Brier,cross_ppi,Cross-PPI,0.9,0.95,0.04999838727319325,0.01281453080120098,0.013622713540815932,0.1151697280043753,0.004357954794779213,0.8921412609052716,0.023363563684676535,0.8888611273182201,0.8766201835494256,0.9096222714829424,,100,0.04999999999999993,0,0.056053767915987984,0.8919719250297252
c_glm,income_threshold_logistic,education-num,rf,RF,Random Forest Classifier,Brier,cross_ppi,Cross-PPI,0.95,0.97,0.05957675305258983,0.012742365267821243,0.013705005666872848,0.1151697280043753,0.004357954794779213,0.8921412609052717,0.023363563684676528,0.8888611273182192,0.8766201835494251,0.9096222714829416,,100,0.020000000000000018,0,0.06679218412687643,0.8919719250297253
c_glm,income_threshold_logistic,education-num,rf,RF,Random Forest Classifier,Brier,cross_ppi,Cross-PPI,0.975,0.99,0.06813160744137758,0.012678742817115781,0.013779173659491679,0.1151697280043753,0.004357954794779213,0.8921412609052717,0.023363563684676562,0.8888611273182199,0.8766201835494247,0.9096222714829422,,100,0.015000000000000013,0,0.07638312992766792,0.8919719250297253
c_glm,income_threshold_logistic,education-num,rf,RF,Random Forest Classifier,Brier,naive_ml,Naive ML,0.9,0.02,0.007894095294940328,0.03618731473482207,0.03637848783064449,0.1151697280043753,0.004357954794779213,0.14088807063606093,0.011095724668073733,0.14058884939451738,0.13403019952098588,0.14679555725570057,,100,-0.88,0,0.056053767915987984,0.1408307699630791
c_glm,income_threshold_logistic,education-num,rf,RF,Random Forest Classifier,Brier,naive_ml,Naive ML,0.95,0.02,0.009406394718103766,0.03616947736162231,0.03639727118593931,0.1151697280043753,0.004357954794779213,0.14088807063606104,0.01109572466807386,0.140588849394518,0.13403019952098658,0.14679555725570043,,100,-0.9299999999999999,0,0.06679218412687643,0.14083076996307922
c_glm,income_threshold_logistic,education-num,rf,RF,Random Forest Classifier,Brier,naive_ml,Naive ML,0.975,0.02,0.010757094999903396,0.0361536165896326,0.036414116667637025,0.1151697280043753,0.004357954794779213,0.1408880706360611,0.011095724668073884,0.14058884939451732,0.13403019952098644,0.1467955572556998,,100,-0.955,0,0.07638312992766792,0.14083076996307925
c_glm,income_threshold_logistic,education-num,rf,RF,Random Forest Classifier,Brier,ppi,PPI,0.9,0.95,0.05938835272055388,0.01618054765644536,0.01757697353786122,0.1151697280043753,0.004357954794779213,1.0597864684277731,0.041511550724836865,1.0575526771904888,1.030003303249421,1.0786068111404752,,100,0.04999999999999993,0,0.056053767915987984,1.0594890393374392
c_glm,income_threshold_logistic,education-num,rf,RF,Random Forest Classifier,Brier,ppi,PPI,0.95,0.97,0.07076558699583367,0.01605690872810858,0.017719902511902714,0.1151697280043753,0.004357954794779213,1.0597864684277731,0.041511550724836706,1.0575526771904902,1.0300033032494218,1.078606811140474,,100,0.020000000000000018,0,0.06679218412687643,1.0594890393374392
c_glm,income_threshold_logistic,education-num,rf,RF,Random Forest Classifier,Brier,ppi,PPI,0.975,0.99,0.0809270889486517,0.015948125127894945,0.01784878365412459,0.1151697280043753,0.004357954794779213,1.059786468427773,0.04151155072483674,1.057552677190491,1.030003303249422,1.0786068111404743,,100,0.015000000000000013,0,0.07638312992766792,1.0594890393374392
c_glm,income_threshold_logistic,education-num,rf,RF,Random Forest Classifier,Brier,ppi_plus_plus_v1,PPI++V1,0.9,0.95,0.05847138816815909,0.016108348840610763,0.01720930485094082,0.1151697280043753,0.004357954794779213,1.0433274088938003,0.030840745298425693,1.0429557515111778,1.0243557466148787,1.064677657876418,0.7640894601216625,100,0.04999999999999993,0,0.056053767915987984,1.0431303789567647
c_glm,income_threshold_logistic,education-num,rf,RF,Random Forest Classifier,Brier,ppi_plus_plus_v1,PPI++V1,0.95,0.97,0.06967295633961862,0.01600969006328022,0.017321045184842652,0.1151697280043753,0.004357954794779213,1.0433274088938003,0.030840745298425728,1.0429557515111783,1.0243557466148783,1.0646776578764177,0.7640894601216625,100,0.020000000000000018,0,0.06679218412687643,1.0431303789567647
c_glm,income_threshold_logistic,education-num,rf,RF,Random Forest Classifier,Brier,ppi_plus_plus_v1,PPI++V1,0.975,0.99,0.07967756326735205,0.015922657415651475,0.017421702288960443,0.1151697280043753,0.004357954794779213,1.0433274088938003,0.030840745298425832,1.0429557515111774,1.0243557466148783,1.0646776578764172,0.7640894601216625,100,0.015000000000000013,0,0.07638312992766792,1.043130378956765
c_glm,income_threshold_logistic,education-num,rf,RF,Random Forest Classifier,Brier,ppi_plus_plus_v2,PPI++V2,0.9,0.95,0.05837051128215727,0.01632206879303847,0.01735350855985113,0.1151697280043753,0.004357954794779213,1.041495179849914,0.028125749612043,1.0406467113761626,1.0240838031732715,1.0604395228350998,0.725,100,0.04999999999999993,0,0.056053767915987984,1.0413307339060875
c_glm,income_threshold_logistic,education-num,rf,RF,Random Forest Classifier,Brier,ppi_plus_plus_v2,PPI++V2,0.95,0.97,0.06955275411603078,0.01622951842082898,0.017458114867928073,0.1151697280043753,0.004357954794779213,1.0414951798499141,0.02812574961204275,1.0406467113761626,1.0240838031732724,1.0604395228350998,0.725,100,0.020000000000000018,0,0.06679218412687643,1.0413307339060878
c_glm,income_threshold_logistic,education-num,rf,RF,Random Forest Classifier,Brier,ppi_plus_plus_v2,PPI++V2,0.975,0.99,0.07954010074562248,0.016147848237359014,0.017552340117741826,0.1151697280043753,0.004357954794779213,1.041495179849914,0.0281257496120429,1.0406467113761617,1.0240838031732724,1.0604395228350993,0.725,100,0.015000000000000013,0,0.07638312992766792,1.0413307339060875
c_glm,income_threshold_logistic,hours-per-week,dt,DT,Decision Tree Classifier,Brier,cross_ppi,Cross-PPI,0.9,0.92,0.009869790904201418,0.0027354801504762445,0.0030580927971085355,0.12093936754565641,0.006206406232277048,0.8720810873537159,0.06079159875727682,0.8656784032119861,0.8344730812374836,0.9070569403741991,,100,0.020000000000000018,0,0.011334672683237668,0.8707609985771714
c_glm,income_threshold_logistic,hours-per-week,dt,DT,Decision Tree Classifier,Brier,cross_ppi,Cross-PPI,0.95,0.96,0.011760581239698666,0.002708302775359612,0.003092256456669901,0.12093936754565641,0.006206406232277048,0.8720810873537158,0.06079159875727692,0.8656784032119855,0.8344730812374831,0.9070569403741988,,100,0.010000000000000009,0,0.013506095540470378,0.8707609985771713
c_glm,income_threshold_logistic,hours-per-week,dt,DT,Decision Tree Classifier,Brier,cross_ppi,Cross-PPI,0.975,0.97,0.0134493281901127,0.0026846526587606216,0.0031231891412779036,0.12093936754565641,0.006206406232277048,0.8720810873537158,0.0607915987572769,0.8656784032119861,0.8344730812374832,0.9070569403741988,,100,-0.0050000000000000044,0,0.015445487581654418,0.8707609985771713
c_glm,income_threshold_logistic,hours-per-week,dt,DT,Decision Tree Classifier,Brier,naive_ml,Naive ML,0.9,0.04,0.0020878209448936024,0.007749696828638965,0.00792657329713502,0.12093936754565641,0.006206406232277048,0.1843956480541791,0.02315898887245503,0.17911911889702578,0.1686621962248846,0.20509760087682055,,100,-0.86,0,0.011334672683237668,0.1841977270310757
c_glm,income_threshold_logistic,hours-per-week,dt,DT,Decision Tree Classifier,Brier,naive_ml,Naive ML,0.95,0.04,0.0024877920996191905,0.007732990215108811,0.007943745270411442,0.12093936754565641,0.006206406232277048,0.18439564805417902,0.02315898887245504,0.17911911889702561,0.1686621962248846,0.20509760087682072,,100,-0.9099999999999999,0,0.013506095540470378,0.18419772703107562
c_glm,income_threshold_logistic,hours-per-week,dt,DT,Decision Tree Classifier,Brier,naive_ml,Naive ML,0.975,0.04,0.002845023705427449,0.007718104602262018,0.007959115336119595,0.12093936754565641,0.006206406232277048,0.18439564805417905,0.02315898887245505,0.17911911889702598,0.16866219622488485,0.20509760087682047,,100,-0.9349999999999999,0,0.015445487581654418,0.18419772703107562
c_glm,income_threshold_logistic,hours-per-week,dt,DT,Decision Tree Classifier,Brier,ppi,PPI,0.9,0.9,0.01165147585892684,0.0034890907615711233,0.0039337769852607245,0.12093936754565641,0.006206406232277048,1.029598244827544,0.0801554496333127,1.0214211007353384,0.9730487852434277,1.076264850366702,,100,0.0,0,0.011334672683237668,1.0279499183207714
c_glm,income_threshold_logistic,hours-per-week,dt,DT,Decision Tree Classifier,Brier,ppi,PPI,0.95,0.96,0.01388358980765906,0.0034519777057116234,0.0039811244527784345,0.12093936754565641,0.006206406232277048,1.029598244827544,0.08015544963331264,1.0214211007353382,0.973048785243428,1.0762648503667025,,100,0.010000000000000009,0,0.013506095540470378,1.0279499183207714
c_glm,income_threshold_logistic,hours-per-week,dt,DT,Decision Tree Classifier,Brier,ppi,PPI,0.975,0.97,0.01587718769798615,0.003419755814600872,0.004024017294901883,0.12093936754565641,0.006206406232277048,1.029598244827544,0.0801554496333127,1.0214211007353384,0.9730487852434275,1.076264850366702,,100,-0.0050000000000000044,0,0.015445487581654418,1.0279499183207714
c_glm,income_threshold_logistic,hours-per-week,dt,DT,Decision Tree Classifier,Brier,ppi_plus_plus_v1,PPI++V1,0.9,0.91,0.011219566964157289,0.0033012054513312217,0.003538421369672159,0.12093936754565641,0.006206406232277048,0.9911238896926673,0.060997533217557166,0.9901974706136722,0.9487711701573669,1.0306189771924061,0.57368450387026,100,0.010000000000000009,0,0.011334672683237668,0.989844813141309
c_glm,income_threshold_logistic,hours-per-week,dt,DT,Decision Tree Classifier,Brier,ppi_plus_plus_v1,PPI++V1,0.95,0.95,0.013368938616525567,0.003282490013223854,0.0035648325315011634,0.12093936754565641,0.006206406232277048,0.9911238896926673,0.060997533217557215,0.9901974706136721,0.9487711701573676,1.0306189771924061,0.57368450387026,100,0.0,0,0.013506095540470378,0.9898448131413089
c_glm,income_threshold_logistic,hours-per-week,dt,DT,Decision Tree Classifier,Brier,ppi_plus_plus_v1,PPI++V1,0.975,0.98,0.015288635769139126,0.0032664122326428405,0.0035889201341625814,0.12093936754565641,0.006206406232277048,0.9911238896926673,0.06099753321755728,0.9901974706136721,0.9487711701573673,1.0306189771924057,0.57368450387026,100,0.0050000000000000044,0,0.015445487581654418,0.989844813141309
c_glm,income_threshold_logistic,hours-per-week,dt,DT,Decision Tree Classifier,Brier,ppi_plus_plus_v2,PPI++V2,0.9,0.91,0.011203845508500655,0.0032815477590339287,0.0034939121814741704,0.12093936754565641,0.006206406232277048,0.9893914996988391,0.048909993667164385,0.990413188337185,0.9555970324456429,1.022452773851879,0.55,100,0.010000000000000009,0,0.011334672683237668,0.9884577897930403
c_glm,income_threshold_logistic,hours-per-week,dt,DT,Decision Tree Classifier,Brier,ppi_plus_plus_v2,PPI++V2,0.95,0.96,0.01335020534666699,0.0032641384173374946,0.0035169752564722786,0.12093936754565641,0.006206406232277048,0.9893914996988391,0.04890999366716443,0.9904131883371856,0.9555970324456431,1.022452773851879,0.55,100,0.010000000000000009,0,0.013506095540470378,0.9884577897930406
c_glm,income_threshold_logistic,hours-per-week,dt,DT,Decision Tree Classifier,Brier,ppi_plus_plus_v2,PPI++V2,0.975,0.98,0.015267212517237979,0.003249053444667857,0.003537945373457551,0.12093936754565641,0.006206406232277048,0.9893914996988391,0.04890999366716441,0.9904131883371854,0.955597032445644,1.0224527738518787,0.55,100,0.0050000000000000044,0,0.015445487581654418,0.9884577897930404
c_glm,income_threshold_logistic,hours-per-week,gb,GB,Histogram Gradient Boosting Classifier,Brier,cross_ppi,Cross-PPI,0.9,0.93,0.009207986150295357,0.002372218036561666,0.002609293964960623,0.10691323292771726,0.0039824806191259676,0.8135859711462393,0.05522785120919373,0.8062859851244942,0.7761150637103046,0.8403955643915357,,100,0.030000000000000027,0,0.011334672683237668,0.8123733615980485
c_glm,income_threshold_logistic,hours-per-week,gb,GB,Histogram Gradient Boosting Classifier,Brier,cross_ppi,Cross-PPI,0.95,0.97,0.010971992236276333,0.002353566810602237,0.0026356253446038476,0.10691323292771726,0.0039824806191259676,0.8135859711462392,0.055227851209193886,0.8062859851244946,0.7761150637103049,0.8403955643915362,,100,0.020000000000000018,0,0.013506095540470378,0.8123733615980486
c_glm,income_threshold_logistic,hours-per-week,gb,GB,Histogram Gradient Boosting Classifier,Brier,cross_ppi,Cross-PPI,0.975,0.98,0.012547502668229514,0.002337572675213339,0.0026596168578827016,0.10691323292771726,0.0039824806191259676,0.8135859711462392,0.05522785120919383,0.8062859851244947,0.7761150637103051,0.840395564391536,,100,0.0050000000000000044,0,0.015445487581654418,0.8123733615980486
c_glm,income_threshold_logistic,hours-per-week,gb,GB,Histogram Gradient Boosting Classifier,Brier,naive_ml,Naive ML,0.9,0.16,0.0024578753569028935,0.006243543182081206,0.006358944656462796,0.10691323292771726,0.0039824806191259676,0.21713902404910648,0.016878669271009252,0.21587584572752277,0.20691764952275501,0.22776431616815646,,100,-0.74,0,0.011334672683237668,0.21684572864091026
c_glm,income_threshold_logistic,hours-per-week,gb,GB,Histogram Gradient Boosting Classifier,Brier,naive_ml,Naive ML,0.95,0.2,0.0029287391285670477,0.006232608657621778,0.006370115418141091,0.10691323292771726,0.0039824806191259676,0.21713902404910648,0.016878669271009273,0.21587584572752244,0.2069176495227546,0.22776431616815668,,100,-0.75,0,0.013506095540470378,0.21684572864091026
c_glm,income_threshold_logistic,hours-per-week,gb,GB,Histogram Gradient Boosting Classifier,Brier,naive_ml,Naive ML,0.975,0.22,0.0033492880088579822,0.006222860592046848,0.0063801094070361055,0.10691323292771726,0.0039824806191259676,0.21713902404910648,0.01687866927100927,0.21587584572752233,0.20691764952275485,0.22776431616815632,,100,-0.755,0,0.015445487581654418,0.2168457286409102
c_glm,income_threshold_logistic,hours-per-week,gb,GB,Histogram Gradient Boosting Classifier,Brier,ppi,PPI,0.9,0.89,0.010795777137893682,0.0032735779186175234,0.0035038704534431147,0.10691323292771726,0.0039824806191259676,0.9541474199520126,0.07417067445492986,0.9495074491670408,0.9004219019017674,0.9981081568491534,,100,-0.010000000000000009,0,0.011334672683237668,0.9524560117081339
c_glm,income_threshold_logistic,hours-per-week,gb,GB,Histogram Gradient Boosting Classifier,Brier,ppi,PPI,0.95,0.93,0.01286396189222543,0.0032576036361029255,0.003531541351091324,0.10691323292771726,0.0039824806191259676,0.9541474199520124,0.07417067445493004,0.9495074491670403,0.9004219019017667,0.998108156849153,,100,-0.019999999999999907,0,0.013506095540470378,0.952456011708134
c_glm,income_threshold_logistic,hours-per-week,gb,GB,Histogram Gradient Boosting Classifier,Brier,ppi,PPI,0.975,0.98,0.014711147500910078,0.0032442989409508204,0.0035570120475749622,0.10691323292771726,0.0039824806191259676,0.9541474199520126,0.07417067445492997,0.9495074491670409,0.900421901901767,0.9981081568491533,,100,0.0050000000000000044,0,0.015445487581654418,0.952456011708134
c_glm,income_threshold_logistic,hours-per-week,gb,GB,Histogram Gradient Boosting Classifier,Brier,ppi_plus_plus_v1,PPI++V1,0.9,0.9,0.010637350141730385,0.003170721688654509,0.0033398775443847103,0.10691323292771726,0.0039824806191259676,0.9399130281527139,0.06256863864515613,0.9363556299276136,0.8951272539476176,0.9790354081115371,0.7594310679957883,100,0.0,0,0.011334672683237668,0.9384788109021867
c_glm,income_threshold_logistic,hours-per-week,gb,GB,Histogram Gradient Boosting Classifier,Brier,ppi_plus_plus_v1,PPI++V1,0.95,0.95,0.012675184482751966,0.0031589112012803595,0.0033602093682326157,0.10691323292771726,0.0039824806191259676,0.9399130281527139,0.06256863864515626,0.9363556299276132,0.8951272539476179,0.9790354081115371,0.7594310679957883,100,0.0,0,0.013506095540470378,0.9384788109021867
c_glm,income_threshold_logistic,hours-per-week,gb,GB,Histogram Gradient Boosting Classifier,Brier,ppi_plus_plus_v1,PPI++V1,0.975,0.98,0.014495262819435528,0.003149046642951805,0.003378937422461067,0.10691323292771726,0.0039824806191259676,0.9399130281527139,0.0625686386451562,0.9363556299276137,0.8951272539476178,0.9790354081115364,0.7594310679957883,100,0.0050000000000000044,0,0.015445487581654418,0.9384788109021867
c_glm,income_threshold_logistic,hours-per-week,gb,GB,Histogram Gradient Boosting Classifier,Brier,ppi_plus_plus_v2,PPI++V2,0.9,0.9,0.01060769042345716,0.0031742165844085113,0.0033329103355556776,0.10691323292771726,0.0039824806191259676,0.9371351457267346,0.05653340557677854,0.9359250585846813,0.8965290575195424,0.9770880871615794,0.7625,100,0.0,0,0.011334672683237668,0.9358620861760207
c_glm,income_threshold_logistic,hours-per-week,gb,GB,Histogram Gradient Boosting Classifier,Brier,ppi_plus_plus_v2,PPI++V2,0.95,0.95,0.01263984274859726,0.003162624998569772,0.0033515166399838135,0.10691323292771726,0.0039824806191259676,0.9371351457267346,0.05653340557677859,0.9359250585846812,0.8965290575195421,0.9770880871615804,0.7625,100,0.0,0,0.013506095540470378,0.935862086176021
c_glm,income_threshold_logistic,hours-per-week,gb,GB,Histogram Gradient Boosting Classifier,Brier,ppi_plus_plus_v2,PPI++V2,0.975,0.98,0.014454846230172924,0.0031528328282067327,0.003368606419553678,0.10691323292771726,0.0039824806191259676,0.9371351457267346,0.05653340557677862,0.9359250585846816,0.8965290575195417,0.9770880871615795,0.7625,100,0.0050000000000000044,0,0.015445487581654418,0.9358620861760207
c_glm,income_threshold_logistic,hours-per-week,lin,LIN,Logistic Regression,Brier,cross_ppi,Cross-PPI,0.9,0.91,0.009726212821968394,0.0028371887107589474,0.003008742068597227,0.10766246222498528,0.0031761281915587878,0.8591964954199242,0.05163263468844112,0.8579701573108576,0.8157665672132396,0.8943422024272993,,100,0.010000000000000009,0,0.011334672683237668,0.8580938412409603
c_glm,income_threshold_logistic,hours-per-week,lin,LIN,Logistic Regression,Brier,cross_ppi,Cross-PPI,0.95,0.94,0.011589497402489633,0.002824157824986879,0.0030283466506275144,0.10766246222498528,0.0031761281915587878,0.8591964954199242,0.051632634688441266,0.8579701573108571,0.8157665672132393,0.894342202427299,,100,-0.010000000000000009,0,0.013506095540470378,0.8580938412409604
c_glm,income_threshold_logistic,hours-per-week,lin,LIN,Logistic Regression,Brier,cross_ppi,Cross-PPI,0.975,0.97,0.013253677768781391,0.0028130540029157663,0.0030462904934831373,0.10766246222498528,0.0031761281915587878,0.8591964954199242,0.0516326346884412,0.8579701573108574,0.8157665672132395,0.8943422024272994,,100,-0.0050000000000000044,0,0.015445487581654418,0.8580938412409603
c_glm,income_threshold_logistic,hours-per-week,lin,LIN,Logistic Regression,Brier,naive_ml,Naive ML,0.9,0.12,0.0019634684524205163,0.0070261529622322304,0.007114810593542261,0.10766246222498528,0.0031761281915587878,0.17347917196791893,0.025235877782678565,0.18258755261836196,0.14721285479225582,0.1934954631007133,,100,-0.78,0,0.011334672683237668,0.17322674481144926
c_glm,income_threshold_logistic,hours-per-week,lin,LIN,Logistic Regression,Brier,naive_ml,Naive ML,0.95,0.14,0.0023396169655881148,0.007018164039107096,0.007123798658971582,0.10766246222498528,0.0031761281915587878,0.17347917196791893,0.025235877782678502,0.18258755261836196,0.14721285479225588,0.19349546310071286,,100,-0.8099999999999999,0,0.013506095540470378,0.17322674481144923
c_glm,income_threshold_logistic,hours-per-week,lin,LIN,Logistic Regression,Brier,naive_ml,Naive ML,0.975,0.16,0.0026755715357956577,0.007011104247694944,0.007131898464304008,0.10766246222498528,0.0031761281915587878,0.1734791719679189,0.02523587778267852,0.18258755261836193,0.14721285479225604,0.19349546310071314,,100,-0.815,0,0.015445487581654418,0.1732267448114492
c_glm,income_threshold_logistic,hours-per-week,lin,LIN,Logistic Regression,Brier,ppi,PPI,0.9,0.89,0.011061615113139382,0.0034936153035249767,0.0035839198956845856,0.10766246222498528,0.0031761281915587878,0.9774119459671868,0.06905423283751526,0.9747567229076914,0.9342791920426492,1.0255256044236218,,100,-0.010000000000000009,0,0.011334672683237668,0.9759095319530401
c_glm,income_threshold_logistic,hours-per-week,lin,LIN,Logistic Regression,Brier,ppi,PPI,0.95,0.94,0.013180727377413487,0.003490622181612613,0.0035980575683156554,0.10766246222498528,0.0031761281915587878,0.9774119459671868,0.06905423283751544,0.9747567229076911,0.9342791920426494,1.0255256044236223,,100,-0.010000000000000009,0,0.013506095540470378,0.97590953195304
c_glm,income_threshold_logistic,hours-per-week,lin,LIN,Logistic Regression,Brier,ppi,PPI,0.975,0.97,0.015073398556598856,0.003488800820207185,0.0036114628192138692,0.10766246222498528,0.0031761281915587878,0.9774119459671868,0.06905423283751543,0.9747567229076916,0.9342791920426498,1.0255256044236218,,100,-0.0050000000000000044,0,0.015445487581654418,0.9759095319530401
c_glm,income_threshold_logistic,hours-per-week,lin,LIN,Logistic Regression,Brier,ppi_plus_plus_v1,PPI++V1,0.9,0.9,0.011003792585861,0.003425013249713195,0.0034969349335342097,0.10766246222498528,0.0031761281915587878,0.9721566927827305,0.061578761027407045,0.9700222832567156,0.9356011899733739,1.0147993535910893,0.852938199225065,100,0.0,0,0.011334672683237668,0.9708081471231197
c_glm,income_threshold_logistic,hours-per-week,lin,LIN,Logistic Regression,Brier,ppi_plus_plus_v1,PPI++V1,0.95,0.95,0.01311182758651188,0.003422618693166509,0.0035082088713815633,0.10766246222498528,0.0031761281915587878,0.9721566927827305,0.0615787610274071,0.9700222832567156,0.9356011899733737,1.0147993535910895,0.852938199225065,100,0.0,0,0.013506095540470378,0.9708081471231199
c_glm,income_threshold_logistic,hours-per-week,lin,LIN,Logistic Regression,Brier,ppi_plus_plus_v1,PPI++V1,0.975,0.98,0.01499460518055908,0.003421154551294951,0.0035189047498620863,0.10766246222498528,0.0031761281915587878,0.9721566927827304,0.06157876102740703,0.9700222832567151,0.935601189973374,1.0147993535910897,0.852938199225065,100,0.0050000000000000044,0,0.015445487581654418,0.9708081471231196
c_glm,income_threshold_logistic,hours-per-week,lin,LIN,Logistic Regression,Brier,ppi_plus_plus_v2,PPI++V2,0.9,0.91,0.010989022115803361,0.003403675774844478,0.003479181686321222,0.10766246222498528,0.0031761281915587878,0.9707857287055272,0.05955274812180473,0.9741568240795471,0.9347909583899581,1.010963241868375,0.875,100,0.010000000000000009,0,0.011334672683237668,0.969505024353683
c_glm,income_threshold_logistic,hours-per-week,lin,LIN,Logistic Regression,Brier,ppi_plus_plus_v2,PPI++V2,0.95,0.95,0.013094227485886905,0.003400769756833516,0.003490629087386526,0.10766246222498528,0.0031761281915587878,0.970785728705527,0.05955274812180485,0.9741568240795475,0.9347909583899586,1.0109632418683743,0.875,100,0.0,0,0.013506095540470378,0.9695050243536831
c_glm,income_threshold_logistic,hours-per-week,lin,LIN,Logistic Regression,Brier,ppi_plus_plus_v2,PPI++V2,0.975,0.98,0.014974477814006374,0.003398824660998426,0.003501454979874869,0.10766246222498528,0.0031761281915587878,0.970785728705527,0.05955274812180484,0.9741568240795471,0.9347909583899581,1.0109632418683747,0.875,100,0.0050000000000000044,0,0.015445487581654418,0.9695050243536829
c_glm,income_threshold_logistic,hours-per-week,reference,Reference,None,,classic,Classic,0.9,0.9,0.011334672683237668,0.0032969022179070526,0.00352340734324754,,,1.0,0.0,1.0,1.0,1.0,,100,0.0,0,0.011334672683237668,1.0
c_glm,income_threshold_logistic,hours-per-week,reference,Reference,None,,classic,Classic,0.95,0.98,0.013506095540470378,0.003276958043035224,0.0035467222249997168,,,1.0,0.0,1.0,1.0,1.0,,100,0.030000000000000027,0,0.013506095540470378,1.0
c_glm,income_threshold_logistic,hours-per-week,reference,Reference,None,,classic,Classic,0.975,1.0,0.015445487581654418,0.0032594242461348503,0.003567766282898923,,,1.0,0.0,1.0,1.0,1.0,,100,0.025000000000000022,0,0.015445487581654418,1.0
c_glm,income_threshold_logistic,hours-per-week,rf,RF,Random Forest Classifier,Brier,cross_ppi,Cross-PPI,0.9,0.91,0.009479758188190326,0.0026642309460738764,0.0029408944386136314,0.1151697280043753,0.004357954794779213,0.8375401719600878,0.052939510555585045,0.8324718619361176,0.8022373936285085,0.8678293355799471,,100,0.010000000000000009,0,0.011334672683237668,0.8363504137362087
c_glm,income_threshold_logistic,hours-per-week,rf,RF,Random Forest Classifier,Brier,cross_ppi,Cross-PPI,0.95,0.97,0.011295828593233163,0.0026404144641715838,0.0029697813987002637,0.1151697280043753,0.004357954794779213,0.8375401719600878,0.052939510555585025,0.8324718619361174,0.8022373936285084,0.8678293355799466,,100,0.020000000000000018,0,0.013506095540470378,0.8363504137362087
c_glm,income_threshold_logistic,hours-per-week,rf,RF,Random Forest Classifier,Brier,cross_ppi,Cross-PPI,0.975,0.98,0.012917839929274144,0.002619586243245542,0.0029958937989188134,0.1151697280043753,0.004357954794779213,0.8375401719600878,0.05293951055558495,0.832471861936118,0.802237393628509,0.8678293355799471,,100,0.0050000000000000044,0,0.015445487581654418,0.8363504137362086
c_glm,income_threshold_logistic,hours-per-week,rf,RF,Random Forest Classifier,Brier,naive_ml,Naive ML,0.9,0.0,0.0016481695358991583,0.004725634507066701,0.00480611783734299,0.1151697280043753,0.004357954794779213,0.14559487965939075,0.0115219092200522,0.14538793668308017,0.13752344427749474,0.15317217851087406,,100,-0.9,0,0.011334672683237668,0.1454095395570232
c_glm,income_threshold_logistic,hours-per-week,rf,RF,Random Forest Classifier,Brier,naive_ml,Naive ML,0.95,0.0,0.0019639151337529624,0.0047180041765450195,0.0048139044077176105,0.1151697280043753,0.004357954794779213,0.14559487965939072,0.011521909220052197,0.14538793668308003,0.13752344427749438,0.15317217851087353,,100,-0.95,0,0.013506095540470378,0.14540953955702324
c_glm,income_threshold_logistic,hours-per-week,rf,RF,Random Forest Classifier,Brier,naive_ml,Naive ML,0.975,0.01,0.0022459212374820892,0.004711201093545521,0.0048208701352932945,0.1151697280043753,0.004357954794779213,0.14559487965939075,0.01152190922005221,0.14538793668308023,0.1375234442774946,0.15317217851087367,,100,-0.965,0,0.015445487581654418,0.14540953955702324
c_glm,income_threshold_logistic,hours-per-week,rf,RF,Random Forest Classifier,Brier,ppi,PPI,0.9,0.93,0.011164065645663189,0.0033009872852111087,0.003707962790116023,0.1151697280043753,0.004357954794779213,0.9864856703147423,0.0711996304047553,0.9805399164184041,0.9285720145695529,1.036277797133018,,100,0.030000000000000027,0,0.011334672683237668,0.9849482166497157
c_glm,income_threshold_logistic,hours-per-week,rf,RF,Random Forest Classifier,Brier,ppi,PPI,0.95,0.97,0.013302804716486977,0.0032659323651743196,0.003750365721745933,0.1151697280043753,0.004357954794779213,0.9864856703147423,0.07119963040475531,0.9805399164184039,0.9285720145695519,1.036277797133018,,100,0.020000000000000018,0,0.013506095540470378,0.9849482166497158
c_glm,income_threshold_logistic,hours-per-week,rf,RF,Random Forest Classifier,Brier,ppi,PPI,0.975,0.98,0.015213005448835849,0.003235285065379968,0.003788675693415981,0.1151697280043753,0.004357954794779213,0.9864856703147423,0.07119963040475537,0.9805399164184042,0.928572014569553,1.036277797133018,,100,0.0050000000000000044,0,0.015445487581654418,0.9849482166497157
c_glm,income_threshold_logistic,hours-per-week,rf,RF,Random Forest Classifier,Brier,ppi_plus_plus_v1,PPI++V1,0.9,0.92,0.0110934493553511,0.0032415270526209216,0.0035357986241957903,0.1151697280043753,0.004357954794779213,0.9800459470125013,0.05925308916978969,0.9775482052860898,0.9312216590795814,1.022726638001641,0.7640894601216625,100,0.020000000000000018,0,0.011334672683237668,0.9787181037663926
c_glm,income_threshold_logistic,hours-per-week,rf,RF,Random Forest Classifier,Brier,ppi_plus_plus_v1,PPI++V1,0.95,0.97,0.013218660216656901,0.0032162654251428444,0.003566624007817442,0.1151697280043753,0.004357954794779213,0.9800459470125013,0.05925308916978973,0.97754820528609,0.931221659079581,1.0227266380016415,0.7640894601216625,100,0.020000000000000018,0,0.013506095540470378,0.9787181037663927
c_glm,income_threshold_logistic,hours-per-week,rf,RF,Random Forest Classifier,Brier,ppi_plus_plus_v1,PPI++V1,0.975,0.98,0.015116778317664175,0.0031941798114733947,0.0035945056452476036,0.1151697280043753,0.004357954794779213,0.9800459470125013,0.0592530891697898,0.9775482052860897,0.9312216590795803,1.0227266380016413,0.7640894601216625,100,0.0050000000000000044,0,0.015445487581654418,0.9787181037663925
c_glm,income_threshold_logistic,hours-per-week,rf,RF,Random Forest Classifier,Brier,ppi_plus_plus_v2,PPI++V2,0.9,0.92,0.011081390221368632,0.0032810783013298055,0.0035701838776980173,0.1151697280043753,0.004357954794779213,0.9787761877447523,0.052386033080361265,0.976990654860892,0.9378676387599225,1.0160489477179016,0.725,100,0.020000000000000018,0,0.011334672683237668,0.9776541882639801
c_glm,income_threshold_logistic,hours-per-week,rf,RF,Random Forest Classifier,Brier,ppi_plus_plus_v2,PPI++V2,0.95,0.97,0.013204290872234327,0.003255621671507663,0.003599898260955259,0.1151697280043753,0.004357954794779213,0.9787761877447523,0.05238603308036128,0.9769906548608924,0.9378676387599233,1.0160489477179016,0.725,100,0.020000000000000018,0,0.013506095540470378,0.97765418826398
c_glm,income_threshold_logistic,hours-per-week,rf,RF,Random Forest Classifier,Brier,ppi_plus_plus_v2,PPI++V2,0.975,0.98,0.015100345623983736,0.0032332489817504567,0.0036267069707027026,0.1151697280043753,0.004357954794779213,0.9787761877447524,0.05238603308036127,0.9769906548608926,0.9378676387599232,1.0160489477179007,0.725,100,0.0050000000000000044,0,0.015445487581654418,0.9776541882639801
c_glm,income_threshold_logistic,intercept,dt,DT,Decision Tree Classifier,Brier,cross_ppi,Cross-PPI,0.9,0.9,0.8463743479624182,0.25421771634049867,0.23255500420547146,0.12093936754565641,0.006206406232277048,0.9132877865571164,0.035578116028849416,0.9130516623650686,0.8906510003714463,0.9392970649631367,,100,0.0,0,0.9270549528566372,0.9129710653660725
c_glm,income_threshold_logistic,intercept,dt,DT,Decision Tree Classifier,Brier,cross_ppi,Cross-PPI,0.95,0.92,1.0085172396278228,0.25641007391388804,0.23061049668021402,0.12093936754565641,0.006206406232277048,0.9132877865571164,0.035578116028849256,0.913051662365068,0.8906510003714467,0.9392970649631378,,100,-0.029999999999999916,0,1.1046541099563099,0.9129710653660725
c_glm,income_threshold_logistic,intercept,dt,DT,Decision Tree Classifier,Brier,cross_ppi,Cross-PPI,0.975,0.97,1.1533340967328463,0.25838373480546367,0.22889513725030877,0.12093936754565641,0.006206406232277048,0.9132877865571164,0.035578116028849145,0.9130516623650675,0.8906510003714477,0.9392970649631387,,100,-0.0050000000000000044,0,1.2632756288616835,0.9129710653660724
c_glm,income_threshold_logistic,intercept,dt,DT,Decision Tree Classifier,Brier,naive_ml,Naive ML,0.9,0.0,0.16398923170629154,0.9163570305745478,0.8959531026773627,0.12093936754565641,0.006206406232277048,0.17706502745256913,0.02644251496875326,0.1691238678420075,0.1577651905382924,0.19912723171809332,,100,-0.9,0,0.9270549528566372,0.17689267631975142
c_glm,income_threshold_logistic,intercept,dt,DT,Decision Tree Classifier,Brier,naive_ml,Naive ML,0.95,0.0,0.19540522191778456,0.9183197392978202,0.894007184881852,0.12093936754565641,0.006206406232277048,0.17706502745256905,0.02644251496875317,0.16912386784200684,0.15776519053829208,0.1991272317180931,,100,-0.95,0,1.1046541099563099,0.17689267631975136
c_glm,income_threshold_logistic,intercept,dt,DT,Decision Tree Classifier,Brier,naive_ml,Naive ML,0.975,0.0,0.22346420691886024,0.9200739117623434,0.8922704926117686,0.12093936754565641,0.006206406232277048,0.17706502745256908,0.02644251496875311,0.16912386784200764,0.15776519053829147,0.19912723171809377,,100,-0.975,0,1.2632756288616835,0.17689267631975145
c_glm,income_threshold_logistic,intercept,dt,DT,Decision Tree Classifier,Brier,ppi,PPI,0.9,0.91,1.0057022088300136,0.3355395377468196,0.29195004792499535,0.12093936754565641,0.006206406232277048,1.085206280730048,0.06182683487475789,1.0886833482733747,1.0411916473136698,1.1254054352897183,,100,0.010000000000000009,0,0.9270549528566372,1.0848355922494475
c_glm,income_threshold_logistic,intercept,dt,DT,Decision Tree Classifier,Brier,ppi,PPI,0.95,0.96,1.1983680956052396,0.339925469195524,0.28802337557479485,0.12093936754565641,0.006206406232277048,1.0852062807300478,0.06182683487475809,1.0886833482733755,1.041191647313668,1.1254054352897158,,100,0.010000000000000009,0,1.1046541099563099,1.0848355922494475
c_glm,income_threshold_logistic,intercept,dt,DT,Decision Tree Classifier,Brier,ppi,PPI,0.975,0.97,1.3704463650104575,0.3438690686097385,0.284559460429603,0.12093936754565641,0.006206406232277048,1.0852062807300478,0.06182683487475801,1.0886833482733764,1.041191647313669,1.1254054352897178,,100,-0.0050000000000000044,0,1.2632756288616835,1.0848355922494473
c_glm,income_threshold_logistic,intercept,dt,DT,Decision Tree Classifier,Brier,ppi_plus_plus_v1,PPI++V1,0.9,0.91,0.9451952032830312,0.3136067976198407,0.287549358628903,0.12093936754565641,0.006206406232277048,1.0197464283396833,0.03609155779098502,1.0219658704635188,0.9974662333571779,1.0393009165453622,0.57368450387026,100,0.010000000000000009,0,0.9270549528566372,1.0195676107122846
c_glm,income_threshold_logistic,intercept,dt,DT,Decision Tree Classifier,Brier,ppi_plus_plus_v1,PPI++V1,0.95,0.96,1.1262695515516603,0.31622135524684614,0.28518491444161026,0.12093936754565641,0.006206406232277048,1.0197464283396835,0.0360915577909851,1.0219658704635197,0.9974662333571784,1.0393009165453635,0.57368450387026,100,0.010000000000000009,0,1.1046541099563099,1.0195676107122846
c_glm,income_threshold_logistic,intercept,dt,DT,Decision Tree Classifier,Brier,ppi_plus_plus_v1,PPI++V1,0.975,0.98,1.2879949145895657,0.3185723189880056,0.2830946134754902,0.12093936754565641,0.006206406232277048,1.0197464283396833,0.036091557790984836,1.0219658704635206,0.9974662333571787,1.039300916545365,0.57368450387026,100,0.0050000000000000044,0,1.2632756288616835,1.0195676107122849
c_glm,income_threshold_logistic,intercept,dt,DT,Decision Tree Classifier,Brier,ppi_plus_plus_v2,PPI++V2,0.9,0.89,0.9424855851635163,0.315655084189509,0.2906217992701261,0.12093936754565641,0.006206406232277048,1.0167992562497938,0.03392612144647833,1.019339032832164,0.9960466622731194,1.0353539976071047,0.55,100,-0.010000000000000009,0,0.9270549528566372,1.016644787085524
c_glm,income_threshold_logistic,intercept,dt,DT,Decision Tree Classifier,Brier,ppi_plus_plus_v2,PPI++V2,0.95,0.95,1.1230408424196816,0.31816517552774876,0.2883477873892733,0.12093936754565641,0.006206406232277048,1.016799256249794,0.03392612144647862,1.0193390328321619,0.9960466622731202,1.0353539976071051,0.55,100,0.0,0,1.1046541099563099,1.016644787085524
c_glm,income_threshold_logistic,intercept,dt,DT,Decision Tree Classifier,Brier,ppi_plus_plus_v2,PPI++V2,0.975,0.98,1.2843025827344179,0.3204220629366262,0.28633690695309216,0.12093936754565641,0.006206406232277048,1.0167992562497938,0.03392612144647834,1.019339032832163,0.99604666227312,1.0353539976071038,0.55,100,0.0050000000000000044,0,1.2632756288616835,1.0166447870855242
c_glm,income_threshold_logistic,intercept,gb,GB,Histogram Gradient Boosting Classifier,Brier,cross_ppi,Cross-PPI,0.9,0.93,0.7771579692783539,0.2223517781027259,0.20780986821411934,0.10691323292771726,0.0039824806191259676,0.838576653964217,0.029276851763440026,0.8414838564786474,0.8201554258505066,0.8581890656862262,,100,0.030000000000000027,0,0.9270549528566372,0.8383084162202153
c_glm,income_threshold_logistic,intercept,gb,GB,Histogram Gradient Boosting Classifier,Brier,cross_ppi,Cross-PPI,0.95,0.96,0.9260408373886257,0.22386764356693575,0.20655020329867593,0.10691323292771726,0.0039824806191259676,0.8385766539642171,0.029276851763440002,0.8414838564786483,0.8201554258505082,0.8581890656862263,,100,0.010000000000000009,0,1.1046541099563099,0.8383084162202153
c_glm,income_threshold_logistic,intercept,gb,GB,Histogram Gradient Boosting Classifier,Brier,cross_ppi,Cross-PPI,0.975,0.99,1.0590145916806344,0.22523824303372658,0.20544639284814908,0.10691323292771726,0.0039824806191259676,0.838576653964217,0.029276851763439946,0.8414838564786467,0.8201554258505082,0.8581890656862278,,100,0.015000000000000013,0,1.2632756288616835,0.8383084162202152
c_glm,income_threshold_logistic,intercept,gb,GB,Histogram Gradient Boosting Classifier,Brier,naive_ml,Naive ML,0.9,0.12,0.1873363072277796,0.5240775845806832,0.5161543926604224,0.10691323292771726,0.0039824806191259676,0.20218114920872474,0.013536597602822614,0.20092411914728023,0.19260947271314,0.20974503862253557,,100,-0.78,0,0.9270549528566372,0.20207680963304223
c_glm,income_threshold_logistic,intercept,gb,GB,Histogram Gradient Boosting Classifier,Brier,naive_ml,Naive ML,0.95,0.17,0.22322497828799892,0.5248445308451785,0.5154036120757455,0.10691323292771726,0.0039824806191259676,0.20218114920872476,0.013536597602822659,0.20092411914727903,0.19260947271314022,0.20974503862253585,,100,-0.7799999999999999,0,1.1046541099563099,0.20207680963304223
c_glm,income_threshold_logistic,intercept,gb,GB,Histogram Gradient Boosting Classifier,Brier,naive_ml,Naive ML,0.975,0.18,0.25527870876754405,0.525530686469819,0.5147342846319818,0.10691323292771726,0.0039824806191259676,0.2021811492087247,0.013536597602822694,0.20092411914727845,0.1926094727131404,0.20974503862253605,,100,-0.7949999999999999,0,1.2632756288616835,0.20207680963304217
c_glm,income_threshold_logistic,intercept,gb,GB,Histogram Gradient Boosting Classifier,Brier,ppi,PPI,0.9,0.88,0.9138527974103045,0.2817510638008857,0.25857247211649986,0.10691323292771726,0.0039824806191259676,0.9861377369632726,0.04133357125481928,0.9882155538458166,0.9589516546961385,1.0125368686253866,,100,-0.020000000000000018,0,0.9270549528566372,0.985759036823382
c_glm,income_threshold_logistic,intercept,gb,GB,Histogram Gradient Boosting Classifier,Brier,ppi,PPI,0.95,0.94,1.0889227714535221,0.2841221678612657,0.2565194202501943,0.10691323292771726,0.0039824806191259676,0.9861377369632724,0.04133357125481895,0.988215553845817,0.9589516546961385,1.0125368686253868,,100,-0.010000000000000009,0,1.1046541099563099,0.9857590368233818
c_glm,income_threshold_logistic,intercept,gb,GB,Histogram Gradient Boosting Classifier,Brier,ppi,PPI,0.975,0.98,1.245285367149145,0.28625998975992323,0.2547129951344149,0.10691323292771726,0.0039824806191259676,0.9861377369632723,0.04133357125481914,0.988215553845817,0.9589516546961372,1.0125368686253868,,100,0.0050000000000000044,0,1.2632756288616835,0.9857590368233817
c_glm,income_threshold_logistic,intercept,gb,GB,Histogram Gradient Boosting Classifier,Brier,ppi_plus_plus_v1,PPI++V1,0.9,0.88,0.899341960115248,0.28349058214622946,0.26470944164930266,0.10691323292771726,0.0039824806191259676,0.9703781308220525,0.031445553022221955,0.9743087429270323,0.9515597724456739,0.9945674768969888,0.7594310679957883,100,-0.020000000000000018,0,0.9270549528566372,0.9701064185504925
c_glm,income_threshold_logistic,intercept,gb,GB,Histogram Gradient Boosting Classifier,Brier,ppi_plus_plus_v1,PPI++V1,0.95,0.95,1.0716320423467978,0.28539207897631574,0.26302169214242066,0.10691323292771726,0.0039824806191259676,0.9703781308220526,0.03144555302222182,0.9743087429270338,0.9515597724456716,0.9945674768969874,0.7594310679957883,100,0.0,0,1.1046541099563099,0.9701064185504925
c_glm,income_threshold_logistic,intercept,gb,GB,Histogram Gradient Boosting Classifier,Brier,ppi_plus_plus_v1,PPI++V1,0.975,0.98,1.225511795957129,0.2871043302703574,0.26153207514671795,0.10691323292771726,0.0039824806191259676,0.9703781308220524,0.031445553022221864,0.9743087429270336,0.951559772445673,0.9945674768969874,0.7594310679957883,100,0.0050000000000000044,0,1.2632756288616835,0.9701064185504924
c_glm,income_threshold_logistic,intercept,gb,GB,Histogram Gradient Boosting Classifier,Brier,ppi_plus_plus_v2,PPI++V2,0.9,0.87,0.8963470130109517,0.2834643963145812,0.265037368636035,0.10691323292771726,0.0039824806191259676,0.9671381351117525,0.03024906647777213,0.9706863787387691,0.9486872834058182,0.9886958585309353,0.7625,100,-0.030000000000000027,0,0.9270549528566372,0.9668758149114443
c_glm,income_threshold_logistic,intercept,gb,GB,Histogram Gradient Boosting Classifier,Brier,ppi_plus_plus_v2,PPI++V2,0.95,0.94,1.0680633427592832,0.28532546404456444,0.2633763099507147,0.10691323292771726,0.0039824806191259676,0.9671381351117523,0.03024906647777188,0.9706863787387721,0.9486872834058184,0.9886958585309347,0.7625,100,-0.010000000000000009,0,1.1046541099563099,0.9668758149114441
c_glm,income_threshold_logistic,intercept,gb,GB,Histogram Gradient Boosting Classifier,Brier,ppi_plus_plus_v2,PPI++V2,0.975,0.98,1.2214306531134074,0.28700074359586997,0.2619093526054723,0.10691323292771726,0.0039824806191259676,0.9671381351117523,0.030249066477771952,0.9706863787387721,0.948687283405817,0.9886958585309347,0.7625,100,0.0050000000000000044,0,1.2632756288616835,0.9668758149114441
c_glm,income_threshold_logistic,intercept,lin,LIN,Logistic Regression,Brier,cross_ppi,Cross-PPI,0.9,0.89,0.8195095427654685,0.24379725515627232,0.22868993327036352,0.10766246222498528,0.0031761281915587878,0.8842657562262565,0.029467034667083572,0.8876105475215041,0.8629092757209063,0.9048340992502242,,100,-0.010000000000000009,0,0.9270549528566372,0.8839924108492414
c_glm,income_threshold_logistic,intercept,lin,LIN,Logistic Regression,Brier,cross_ppi,Cross-PPI,0.95,0.94,0.9765058498148013,0.24535690841078608,0.22736433709766932,0.10766246222498528,0.0031761281915587878,0.8842657562262564,0.029467034667083367,0.8876105475215041,0.8629092757209067,0.9048340992502227,,100,-0.010000000000000009,0,1.1046541099563099,0.8839924108492413
c_glm,income_threshold_logistic,intercept,lin,LIN,Logistic Regression,Brier,cross_ppi,Cross-PPI,0.975,0.98,1.1167260687245308,0.24676528307296072,0.2261996928780731,0.10766246222498528,0.0031761281915587878,0.8842657562262562,0.029467034667083357,0.8876105475215041,0.862909275720906,0.9048340992502235,,100,0.0050000000000000044,0,1.2632756288616835,0.8839924108492412
c_glm,income_threshold_logistic,intercept,lin,LIN,Logistic Regression,Brier,naive_ml,Naive ML,0.9,0.07,0.15311409117375102,0.5674708856144782,0.5552276719352522,0.10766246222498528,0.0031761281915587878,0.16526896703414287,0.02451362629760046,0.1742615505705003,0.14101752368472686,0.18393484740982524,,100,-0.8300000000000001,0,0.9270549528566372,0.16516182854311234
c_glm,income_threshold_logistic,intercept,lin,LIN,Logistic Regression,Brier,naive_ml,Naive ML,0.95,0.08,0.18244669270804853,0.5686763440270548,0.5540885166289056,0.10766246222498528,0.0031761281915587878,0.16526896703414296,0.02451362629760069,0.17426155057050036,0.1410175236847271,0.18393484740982596,,100,-0.87,0,1.1046541099563099,0.16516182854311245
c_glm,income_threshold_logistic,intercept,lin,LIN,Logistic Regression,Brier,naive_ml,Naive ML,0.975,0.08,0.20864491281674596,0.5697577027554188,0.5530761787716313,0.10766246222498528,0.0031761281915587878,0.16526896703414298,0.02451362629760071,0.1742615505704997,0.14101752368472548,0.1839348474098242,,100,-0.895,0,1.2632756288616835,0.16516182854311248
c_glm,income_threshold_logistic,intercept,lin,LIN,Logistic Regression,Brier,ppi,PPI,0.9,0.9,0.9259122519878313,0.2954837137888166,0.27457915286540624,0.10766246222498528,0.0031761281915587878,0.999054548439538,0.04019782498680776,1.0000976730302225,0.9730184047651877,1.0209867484624948,,100,0.0,0,0.9270549528566372,0.998767386048384
c_glm,income_threshold_logistic,intercept,lin,LIN,Logistic Regression,Brier,ppi,PPI,0.95,0.96,1.1032924978886678,0.29766184665579604,0.2727685762354133,0.10766246222498528,0.0031761281915587878,0.999054548439538,0.040197824986807656,1.0000976730302227,0.9730184047651877,1.020986748462496,,100,0.010000000000000009,0,1.1046541099563099,0.998767386048384
c_glm,income_threshold_logistic,intercept,lin,LIN,Logistic Regression,Brier,ppi,PPI,0.975,0.98,1.2617184976968123,0.2996309580717919,0.2711822583180054,0.10766246222498528,0.0031761281915587878,0.999054548439538,0.04019782498680774,1.0000976730302231,0.9730184047651885,1.0209867484624953,,100,0.0050000000000000044,0,1.2632756288616835,0.9987673860483841
c_glm,income_threshold_logistic,intercept,lin,LIN,Logistic Regression,Brier,ppi_plus_plus_v1,PPI++V1,0.9,0.9,0.9203730773602689,0.2971549348110256,0.27945165476652006,0.10766246222498528,0.0031761281915587878,0.9930310702511927,0.03297651409575464,0.996505790047576,0.9742681801847077,1.013222098636143,0.852938199225065,100,0.0,0,0.9270549528566372,0.9927923630893953
c_glm,income_threshold_logistic,intercept,lin,LIN,Logistic Regression,Brier,ppi_plus_plus_v1,PPI++V1,0.95,0.96,1.0966921642199374,0.29898244131930063,0.2778976844387682,0.10766246222498528,0.0031761281915587878,0.9930310702511927,0.032976514095754715,0.9965057900475768,0.9742681801847083,1.0132220986361438,0.852938199225065,100,0.010000000000000009,0,1.1046541099563099,0.9927923630893951
c_glm,income_threshold_logistic,intercept,lin,LIN,Logistic Regression,Brier,ppi_plus_plus_v1,PPI++V1,0.975,0.98,1.2541703968108326,0.3006327261493743,0.2765322275330469,0.10766246222498528,0.0031761281915587878,0.9930310702511926,0.032976514095754826,0.9965057900475767,0.974268180184708,1.0132220986361447,0.852938199225065,100,0.0050000000000000044,0,1.2632756288616835,0.9927923630893952
c_glm,income_threshold_logistic,intercept,lin,LIN,Logistic Regression,Brier,ppi_plus_plus_v2,PPI++V2,0.9,0.89,0.9180030153056096,0.29513124078374026,0.2774620179959132,0.10766246222498528,0.0031761281915587878,0.9904596683235724,0.032464138703144935,0.9949769413955551,0.9715727505895604,1.0133549110308644,0.875,100,-0.010000000000000009,0,0.9270549528566372,0.990235813396892
c_glm,income_threshold_logistic,intercept,lin,LIN,Logistic Regression,Brier,ppi_plus_plus_v2,PPI++V2,0.95,0.96,1.0938680610948064,0.2969560501316488,0.2759119707041051,0.10766246222498528,0.0031761281915587878,0.9904596683235722,0.032464138703144824,0.9949769413955551,0.9715727505895585,1.013354911030865,0.875,100,0.010000000000000009,0,1.1046541099563099,0.9902358133968922
c_glm,income_threshold_logistic,intercept,lin,LIN,Logistic Regression,Brier,ppi_plus_plus_v2,PPI++V2,0.975,0.98,1.2509407698903194,0.2986039961638754,0.27455012981251187,0.10766246222498528,0.0031761281915587878,0.9904596683235721,0.03246413870314488,0.9949769413955551,0.9715727505895613,1.0133549110308642,0.875,100,0.0050000000000000044,0,1.2632756288616835,0.990235813396892
c_glm,income_threshold_logistic,intercept,reference,Reference,None,,classic,Classic,0.9,0.9,0.9270549528566372,0.2725123644900332,0.25655536528437745,,,1.0,0.0,1.0,1.0,1.0,,100,0.0,0,0.9270549528566372,1.0
c_glm,income_threshold_logistic,intercept,reference,Reference,None,,classic,Classic,0.95,0.93,1.1046541099563099,0.2740966690249807,0.2550868936749573,,,1.0,0.0,1.0,1.0,1.0,,100,-0.019999999999999907,0,1.1046541099563099,1.0
c_glm,income_threshold_logistic,intercept,reference,Reference,None,,classic,Classic,0.975,0.99,1.2632756288616835,0.27551935621282714,0.25378484935292306,,,1.0,0.0,1.0,1.0,1.0,,100,0.015000000000000013,0,1.2632756288616835,1.0
c_glm,income_threshold_logistic,intercept,rf,RF,Random Forest Classifier,Brier,cross_ppi,Cross-PPI,0.9,0.9,0.8095354979852073,0.2423497994207764,0.2233782025349884,0.1151697280043753,0.004357954794779213,0.8734966359751016,0.028819174878130807,0.8742082427932514,0.8555375870141683,0.8946910259566725,,100,0.0,0,0.9270549528566372,0.873233561279939
c_glm,income_threshold_logistic,intercept,rf,RF,Random Forest Classifier,Brier,cross_ppi,Cross-PPI,0.95,0.95,0.9646210424196698,0.24424676717492033,0.22164884805641624,0.1151697280043753,0.004357954794779213,0.8734966359751017,0.028819174878130932,0.8742082427932508,0.8555375870141679,0.8946910259566753,,100,0.0,0,1.1046541099563099,0.873233561279939
c_glm,income_threshold_logistic,intercept,rf,RF,Random Forest Classifier,Brier,cross_ppi,Cross-PPI,0.975,0.98,1.1031346762690424,0.24595171588611592,0.22011855954556994,0.1151697280043753,0.004357954794779213,0.8734966359751016,0.028819174878130804,0.8742082427932505,0.8555375870141679,0.8946910259566756,,100,0.0050000000000000044,0,1.2632756288616835,0.873233561279939
c_glm,income_threshold_logistic,intercept,rf,RF,Random Forest Classifier,Brier,naive_ml,Naive ML,0.9,0.0,0.12834760206675813,0.43882809602042444,0.4358132522298185,0.1151697280043753,0.004357954794779213,0.13851659776770878,0.009413945062643479,0.13774874439715123,0.13169485854259902,0.14408748098478807,,100,-0.9,0,0.9270549528566372,0.13844659550252814
c_glm,income_threshold_logistic,intercept,rf,RF,Random Forest Classifier,Brier,naive_ml,Naive ML,0.95,0.0,0.15293560073132637,0.4391241635109032,0.4355318156517835,0.1151697280043753,0.004357954794779213,0.1385165977677087,0.009413945062643465,0.1377487443971514,0.13169485854259844,0.14408748098478827,,100,-0.95,0,1.1046541099563099,0.13844659550252805
c_glm,income_threshold_logistic,intercept,rf,RF,Random Forest Classifier,Brier,naive_ml,Naive ML,0.975,0.0,0.17489620999721517,0.43938966219347664,0.43528154686447595,0.1151697280043753,0.004357954794779213,0.1385165977677086,0.009413945062643316,0.13774874439715062,0.13169485854259871,0.14408748098478819,,100,-0.975,0,1.2632756288616835,0.138446595502528
c_glm,income_threshold_logistic,intercept,rf,RF,Random Forest Classifier,Brier,ppi,PPI,0.9,0.9,0.9529435599693157,0.3124095962782951,0.27774326663034277,0.1151697280043753,0.004357954794779213,1.0282194206594928,0.04638491149685683,1.0276006317558966,0.9979156123351497,1.059487073939047,,100,0.0,0,0.9270549528566372,1.0279256445725304
c_glm,income_threshold_logistic,intercept,rf,RF,Random Forest Classifier,Brier,ppi,PPI,0.95,0.95,1.135502288006535,0.31584948192137324,0.274559953205,0.1151697280043753,0.004357954794779213,1.0282194206594928,0.04638491149685691,1.0276006317558952,0.9979156123351491,1.0594870739390492,,100,0.0,0,1.1046541099563099,1.0279256445725307
c_glm,income_threshold_logistic,intercept,rf,RF,Random Forest Classifier,Brier,ppi,PPI,0.975,0.97,1.2985534150704148,0.31893711593051255,0.2717400692955749,0.1151697280043753,0.004357954794779213,1.0282194206594928,0.04638491149685698,1.0276006317558952,0.99791561233515,1.0594870739390467,,100,-0.0050000000000000044,0,1.2632756288616835,1.0279256445725304
c_glm,income_threshold_logistic,intercept,rf,RF,Random Forest Classifier,Brier,ppi_plus_plus_v1,PPI++V1,0.9,0.9,0.9382597038521705,0.3083000995531195,0.2819500242163347,0.1151697280043753,0.004357954794779213,1.012293596552647,0.033258006176951495,1.0161279608146634,0.9924730321127883,1.035315963908951,0.7640894601216625,100,0.0,0,0.9270549528566372,1.0120863935422673
c_glm,income_threshold_logistic,intercept,rf,RF,Random Forest Classifier,Brier,ppi_plus_plus_v1,PPI++V1,0.95,0.96,1.1180053942573247,0.3109024386473031,0.2795131887024276,0.1151697280043753,0.004357954794779213,1.012293596552647,0.0332580061769512,1.0161279608146625,0.9924730321127893,1.0353159639089504,0.7640894601216625,100,0.010000000000000009,0,1.1046541099563099,1.0120863935422673
c_glm,income_threshold_logistic,intercept,rf,RF,Random Forest Classifier,Brier,ppi_plus_plus_v1,PPI++V1,0.975,0.97,1.278544075264461,0.3132371095908594,0.27735104317085607,0.1151697280043753,0.004357954794779213,1.012293596552647,0.03325800617695122,1.0161279608146627,0.9924730321127906,1.0353159639089515,0.7640894601216625,100,-0.0050000000000000044,0,1.2632756288616835,1.0120863935422673
c_glm,income_threshold_logistic,intercept,rf,RF,Random Forest Classifier,Brier,ppi_plus_plus_v2,PPI++V2,0.9,0.9,0.9359474458339864,0.31344476114689335,0.28682013748080337,0.1151697280043753,0.004357954794779213,1.0097891334035265,0.033147874056784314,1.0130337704982,0.99167288148235,1.0340135425499877,0.725,100,0.0,0,0.9270549528566372,1.0095921961799004
c_glm,income_threshold_logistic,intercept,rf,RF,Random Forest Classifier,Brier,ppi_plus_plus_v2,PPI++V2,0.95,0.94,1.115250168889944,0.3160715626008699,0.28435490360454097,0.1151697280043753,0.004357954794779213,1.0097891334035265,0.0331478740567843,1.0130337704981982,0.9916728814823499,1.03401354254999,0.725,100,-0.010000000000000009,0,1.1046541099563099,1.0095921961799004
c_glm,income_threshold_logistic,intercept,rf,RF,Random Forest Classifier,Brier,ppi_plus_plus_v2,PPI++V2,0.975,0.97,1.2753932165230117,0.3184278456653995,0.28216704122125646,0.1151697280043753,0.004357954794779213,1.0097891334035263,0.03314787405678434,1.0130337704981982,0.9916728814823497,1.034013542549987,0.725,100,-0.0050000000000000044,0,1.2632756288616835,1.0095921961799004
