scenario,target,profile,method,confidence_level,center_empirical_coverage,q025_empirical_coverage,q25_empirical_coverage,q75_empirical_coverage,q975_empirical_coverage,center_relative_ci_width,q025_relative_ci_width,q25_relative_ci_width,q75_relative_ci_width,q975_relative_ci_width,center_coverage_error,q025_coverage_error,q25_coverage_error,q75_coverage_error,q975_coverage_error,n_seeds,n_replicates
logistic_glm,beta_0,P1,naive_ml,0.9,0.895,0.895,0.895,0.895,0.895,0.007166864427847329,0.007166864427847329,0.007166864427847329,0.007166864427847329,0.007166864427847329,-0.0050000000000000044,-0.0050000000000000044,-0.0050000000000000044,-0.0050000000000000044,-0.0050000000000000044,1,200
logistic_glm,beta_0,P1,naive_ml,0.95,0.96,0.96,0.96,0.96,0.96,0.007166864427847393,0.007166864427847393,0.007166864427847393,0.007166864427847393,0.007166864427847393,0.010000000000000009,0.010000000000000009,0.010000000000000009,0.010000000000000009,0.010000000000000009,1,200
logistic_glm,beta_0,P1,naive_ml,0.975,0.98,0.98,0.98,0.98,0.98,0.0071668644278473645,0.0071668644278473645,0.0071668644278473645,0.0071668644278473645,0.0071668644278473645,0.0050000000000000044,0.0050000000000000044,0.0050000000000000044,0.0050000000000000044,0.0050000000000000044,1,200
logistic_glm,beta_0,P1,ppi,0.9,0.9,0.9,0.9,0.9,0.9,1.0105445044742223,1.0105445044742223,1.0105445044742223,1.0105445044742223,1.0105445044742223,0.0,0.0,0.0,0.0,0.0,1,200
logistic_glm,beta_0,P1,ppi,0.95,0.975,0.975,0.975,0.975,0.975,1.0105445044742238,1.0105445044742238,1.0105445044742238,1.0105445044742238,1.0105445044742238,0.025000000000000022,0.025000000000000022,0.025000000000000022,0.025000000000000022,0.025000000000000022,1,200
logistic_glm,beta_0,P1,ppi,0.975,0.99,0.99,0.99,0.99,0.99,1.010544504474222,1.010544504474222,1.010544504474222,1.010544504474222,1.010544504474222,0.015000000000000013,0.015000000000000013,0.015000000000000013,0.015000000000000013,0.015000000000000013,1,200
logistic_glm,beta_0,P1,ppi_plus_plus,0.9,0.885,0.885,0.885,0.885,0.885,0.9683630895080354,0.9683630895080354,0.9683630895080354,0.9683630895080354,0.9683630895080354,-0.015000000000000013,-0.015000000000000013,-0.015000000000000013,-0.015000000000000013,-0.015000000000000013,1,200
logistic_glm,beta_0,P1,ppi_plus_plus,0.95,0.945,0.945,0.945,0.945,0.945,0.9683630895080344,0.9683630895080344,0.9683630895080344,0.9683630895080344,0.9683630895080344,-0.0050000000000000044,-0.0050000000000000044,-0.0050000000000000044,-0.0050000000000000044,-0.0050000000000000044,1,200
logistic_glm,beta_0,P1,ppi_plus_plus,0.975,0.98,0.98,0.98,0.98,0.98,0.9683630895080345,0.9683630895080345,0.9683630895080345,0.9683630895080345,0.9683630895080345,0.0050000000000000044,0.0050000000000000044,0.0050000000000000044,0.0050000000000000044,0.0050000000000000044,1,200
logistic_glm,beta_0,P2,naive_ml,0.9,0.0,0.0,0.0,0.0,0.0,0.003701691704247169,0.003701691704247169,0.003701691704247169,0.003701691704247169,0.003701691704247169,-0.9,-0.9,-0.9,-0.9,-0.9,1,200
logistic_glm,beta_0,P2,naive_ml,0.95,0.0,0.0,0.0,0.0,0.0,0.0037016917042471723,0.0037016917042471723,0.0037016917042471723,0.0037016917042471723,0.0037016917042471723,-0.95,-0.95,-0.95,-0.95,-0.95,1,200
logistic_glm,beta_0,P2,naive_ml,0.975,0.0,0.0,0.0,0.0,0.0,0.003701691704247186,0.003701691704247186,0.003701691704247186,0.003701691704247186,0.003701691704247186,-0.975,-0.975,-0.975,-0.975,-0.975,1,200
logistic_glm,beta_0,P2,ppi,0.9,0.9,0.9,0.9,0.9,0.9,1.0127598170392509,1.0127598170392509,1.0127598170392509,1.0127598170392509,1.0127598170392509,0.0,0.0,0.0,0.0,0.0,1,200
logistic_glm,beta_0,P2,ppi,0.95,0.955,0.955,0.955,0.955,0.955,1.0127598170392522,1.0127598170392522,1.0127598170392522,1.0127598170392522,1.0127598170392522,0.0050000000000000044,0.0050000000000000044,0.0050000000000000044,0.0050000000000000044,0.0050000000000000044,1,200
logistic_glm,beta_0,P2,ppi,0.975,0.99,0.99,0.99,0.99,0.99,1.0127598170392516,1.0127598170392516,1.0127598170392516,1.0127598170392516,1.0127598170392516,0.015000000000000013,0.015000000000000013,0.015000000000000013,0.015000000000000013,0.015000000000000013,1,200
logistic_glm,beta_0,P2,ppi_plus_plus,0.9,0.88,0.88,0.88,0.88,0.88,0.9735184065212754,0.9735184065212754,0.9735184065212754,0.9735184065212754,0.9735184065212754,-0.020000000000000018,-0.020000000000000018,-0.020000000000000018,-0.020000000000000018,-0.020000000000000018,1,200
logistic_glm,beta_0,P2,ppi_plus_plus,0.95,0.94,0.94,0.94,0.94,0.94,0.9735184065212756,0.9735184065212756,0.9735184065212756,0.9735184065212756,0.9735184065212756,-0.010000000000000009,-0.010000000000000009,-0.010000000000000009,-0.010000000000000009,-0.010000000000000009,1,200
logistic_glm,beta_0,P2,ppi_plus_plus,0.975,0.98,0.98,0.98,0.98,0.98,0.9735184065212762,0.9735184065212762,0.9735184065212762,0.9735184065212762,0.9735184065212762,0.0050000000000000044,0.0050000000000000044,0.0050000000000000044,0.0050000000000000044,0.0050000000000000044,1,200
logistic_glm,beta_0,P3,naive_ml,0.9,0.0,0.0,0.0,0.0,0.0,0.0021240262420621292,0.0021240262420621292,0.0021240262420621292,0.0021240262420621292,0.0021240262420621292,-0.9,-0.9,-0.9,-0.9,-0.9,1,200
logistic_glm,beta_0,P3,naive_ml,0.95,0.0,0.0,0.0,0.0,0.0,0.0021240262420621466,0.0021240262420621466,0.0021240262420621466,0.0021240262420621466,0.0021240262420621466,-0.95,-0.95,-0.95,-0.95,-0.95,1,200
logistic_glm,beta_0,P3,naive_ml,0.975,0.0,0.0,0.0,0.0,0.0,0.002124026242062132,0.002124026242062132,0.002124026242062132,0.002124026242062132,0.002124026242062132,-0.975,-0.975,-0.975,-0.975,-0.975,1,200
logistic_glm,beta_0,P3,ppi,0.9,0.905,0.905,0.905,0.905,0.905,1.01680482499671,1.01680482499671,1.01680482499671,1.01680482499671,1.01680482499671,0.0050000000000000044,0.0050000000000000044,0.0050000000000000044,0.0050000000000000044,0.0050000000000000044,1,200
logistic_glm,beta_0,P3,ppi,0.95,0.97,0.97,0.97,0.97,0.97,1.016804824996711,1.016804824996711,1.016804824996711,1.016804824996711,1.016804824996711,0.020000000000000018,0.020000000000000018,0.020000000000000018,0.020000000000000018,0.020000000000000018,1,200
logistic_glm,beta_0,P3,ppi,0.975,0.99,0.99,0.99,0.99,0.99,1.0168048249967108,1.0168048249967108,1.0168048249967108,1.0168048249967108,1.0168048249967108,0.015000000000000013,0.015000000000000013,0.015000000000000013,0.015000000000000013,0.015000000000000013,1,200
logistic_glm,beta_0,P3,ppi_plus_plus,0.9,0.88,0.88,0.88,0.88,0.88,0.9711034797511571,0.9711034797511571,0.9711034797511571,0.9711034797511571,0.9711034797511571,-0.020000000000000018,-0.020000000000000018,-0.020000000000000018,-0.020000000000000018,-0.020000000000000018,1,200
logistic_glm,beta_0,P3,ppi_plus_plus,0.95,0.94,0.94,0.94,0.94,0.94,0.9711034797511576,0.9711034797511576,0.9711034797511576,0.9711034797511576,0.9711034797511576,-0.010000000000000009,-0.010000000000000009,-0.010000000000000009,-0.010000000000000009,-0.010000000000000009,1,200
logistic_glm,beta_0,P3,ppi_plus_plus,0.975,0.98,0.98,0.98,0.98,0.98,0.9711034797511564,0.9711034797511564,0.9711034797511564,0.9711034797511564,0.9711034797511564,0.0050000000000000044,0.0050000000000000044,0.0050000000000000044,0.0050000000000000044,0.0050000000000000044,1,200
logistic_glm,beta_0,P4,naive_ml,0.9,0.895,0.895,0.895,0.895,0.895,0.07173431799159016,0.07173431799159016,0.07173431799159016,0.07173431799159016,0.07173431799159016,-0.0050000000000000044,-0.0050000000000000044,-0.0050000000000000044,-0.0050000000000000044,-0.0050000000000000044,1,200
logistic_glm,beta_0,P4,naive_ml,0.95,0.96,0.96,0.96,0.96,0.96,0.0717343179915902,0.0717343179915902,0.0717343179915902,0.0717343179915902,0.0717343179915902,0.010000000000000009,0.010000000000000009,0.010000000000000009,0.010000000000000009,0.010000000000000009,1,200
logistic_glm,beta_0,P4,naive_ml,0.975,0.98,0.98,0.98,0.98,0.98,0.07173431799159022,0.07173431799159022,0.07173431799159022,0.07173431799159022,0.07173431799159022,0.0050000000000000044,0.0050000000000000044,0.0050000000000000044,0.0050000000000000044,0.0050000000000000044,1,200
logistic_glm,beta_0,P4,ppi,0.9,0.92,0.92,0.92,0.92,0.92,1.0521049904462558,1.0521049904462558,1.0521049904462558,1.0521049904462558,1.0521049904462558,0.020000000000000018,0.020000000000000018,0.020000000000000018,0.020000000000000018,0.020000000000000018,1,200
logistic_glm,beta_0,P4,ppi,0.95,0.975,0.975,0.975,0.975,0.975,1.0521049904462567,1.0521049904462567,1.0521049904462567,1.0521049904462567,1.0521049904462567,0.025000000000000022,0.025000000000000022,0.025000000000000022,0.025000000000000022,0.025000000000000022,1,200
logistic_glm,beta_0,P4,ppi,0.975,1.0,1.0,1.0,1.0,1.0,1.052104990446256,1.052104990446256,1.052104990446256,1.052104990446256,1.052104990446256,0.025000000000000022,0.025000000000000022,0.025000000000000022,0.025000000000000022,0.025000000000000022,1,200
logistic_glm,beta_0,P4,ppi_plus_plus,0.9,0.895,0.895,0.895,0.895,0.895,0.9727780546638434,0.9727780546638434,0.9727780546638434,0.9727780546638434,0.9727780546638434,-0.0050000000000000044,-0.0050000000000000044,-0.0050000000000000044,-0.0050000000000000044,-0.0050000000000000044,1,200
logistic_glm,beta_0,P4,ppi_plus_plus,0.95,0.955,0.955,0.955,0.955,0.955,0.9727780546638441,0.9727780546638441,0.9727780546638441,0.9727780546638441,0.9727780546638441,0.0050000000000000044,0.0050000000000000044,0.0050000000000000044,0.0050000000000000044,0.0050000000000000044,1,200
logistic_glm,beta_0,P4,ppi_plus_plus,0.975,0.97,0.97,0.97,0.97,0.97,0.9727780546638437,0.9727780546638437,0.9727780546638437,0.9727780546638437,0.9727780546638437,-0.0050000000000000044,-0.0050000000000000044,-0.0050000000000000044,-0.0050000000000000044,-0.0050000000000000044,1,200
logistic_glm,beta_0,baseline,classic,0.9,0.875,0.875,0.875,0.875,0.875,1.0,1.0,1.0,1.0,1.0,-0.025000000000000022,-0.025000000000000022,-0.025000000000000022,-0.025000000000000022,-0.025000000000000022,1,200
logistic_glm,beta_0,baseline,classic,0.95,0.94,0.94,0.94,0.94,0.94,1.0,1.0,1.0,1.0,1.0,-0.010000000000000009,-0.010000000000000009,-0.010000000000000009,-0.010000000000000009,-0.010000000000000009,1,200
logistic_glm,beta_0,baseline,classic,0.975,0.975,0.975,0.975,0.975,0.975,1.0,1.0,1.0,1.0,1.0,0.0,0.0,0.0,0.0,0.0,1,200
logistic_glm,beta_1,P1,naive_ml,0.9,0.88,0.88,0.88,0.88,0.88,0.007285154242338479,0.007285154242338479,0.007285154242338479,0.007285154242338479,0.007285154242338479,-0.020000000000000018,-0.020000000000000018,-0.020000000000000018,-0.020000000000000018,-0.020000000000000018,1,200
logistic_glm,beta_1,P1,naive_ml,0.95,0.945,0.945,0.945,0.945,0.945,0.007285154242338469,0.007285154242338469,0.007285154242338469,0.007285154242338469,0.007285154242338469,-0.0050000000000000044,-0.0050000000000000044,-0.0050000000000000044,-0.0050000000000000044,-0.0050000000000000044,1,200
logistic_glm,beta_1,P1,naive_ml,0.975,0.99,0.99,0.99,0.99,0.99,0.007285154242338473,0.007285154242338473,0.007285154242338473,0.007285154242338473,0.007285154242338473,0.015000000000000013,0.015000000000000013,0.015000000000000013,0.015000000000000013,0.015000000000000013,1,200
logistic_glm,beta_1,P1,ppi,0.9,0.935,0.935,0.935,0.935,0.935,1.0136537207057574,1.0136537207057574,1.0136537207057574,1.0136537207057574,1.0136537207057574,0.03500000000000003,0.03500000000000003,0.03500000000000003,0.03500000000000003,0.03500000000000003,1,200
logistic_glm,beta_1,P1,ppi,0.95,0.975,0.975,0.975,0.975,0.975,1.0136537207057577,1.0136537207057577,1.0136537207057577,1.0136537207057577,1.0136537207057577,0.025000000000000022,0.025000000000000022,0.025000000000000022,0.025000000000000022,0.025000000000000022,1,200
logistic_glm,beta_1,P1,ppi,0.975,0.995,0.995,0.995,0.995,0.995,1.0136537207057565,1.0136537207057565,1.0136537207057565,1.0136537207057565,1.0136537207057565,0.020000000000000018,0.020000000000000018,0.020000000000000018,0.020000000000000018,0.020000000000000018,1,200
logistic_glm,beta_1,P1,ppi_plus_plus,0.9,0.93,0.93,0.93,0.93,0.93,0.9556140984477712,0.9556140984477712,0.9556140984477712,0.9556140984477712,0.9556140984477712,0.030000000000000027,0.030000000000000027,0.030000000000000027,0.030000000000000027,0.030000000000000027,1,200
logistic_glm,beta_1,P1,ppi_plus_plus,0.95,0.97,0.97,0.97,0.97,0.97,0.9556140984477718,0.9556140984477718,0.9556140984477718,0.9556140984477718,0.9556140984477718,0.020000000000000018,0.020000000000000018,0.020000000000000018,0.020000000000000018,0.020000000000000018,1,200
logistic_glm,beta_1,P1,ppi_plus_plus,0.975,0.99,0.99,0.99,0.99,0.99,0.9556140984477717,0.9556140984477717,0.9556140984477717,0.9556140984477717,0.9556140984477717,0.015000000000000013,0.015000000000000013,0.015000000000000013,0.015000000000000013,0.015000000000000013,1,200
logistic_glm,beta_1,P2,naive_ml,0.9,0.01,0.01,0.01,0.01,0.01,0.004549594703012784,0.004549594703012784,0.004549594703012784,0.004549594703012784,0.004549594703012784,-0.89,-0.89,-0.89,-0.89,-0.89,1,200
logistic_glm,beta_1,P2,naive_ml,0.95,0.02,0.02,0.02,0.02,0.02,0.00454959470301277,0.00454959470301277,0.00454959470301277,0.00454959470301277,0.00454959470301277,-0.9299999999999999,-0.9299999999999999,-0.9299999999999999,-0.9299999999999999,-0.9299999999999999,1,200
logistic_glm,beta_1,P2,naive_ml,0.975,0.03,0.03,0.03,0.03,0.03,0.004549594703012769,0.004549594703012769,0.004549594703012769,0.004549594703012769,0.004549594703012769,-0.945,-0.945,-0.945,-0.945,-0.945,1,200
logistic_glm,beta_1,P2,ppi,0.9,0.94,0.94,0.94,0.94,0.94,1.0245251390250176,1.0245251390250176,1.0245251390250176,1.0245251390250176,1.0245251390250176,0.039999999999999925,0.039999999999999925,0.039999999999999925,0.039999999999999925,0.039999999999999925,1,200
logistic_glm,beta_1,P2,ppi,0.95,0.97,0.97,0.97,0.97,0.97,1.0245251390250174,1.0245251390250174,1.0245251390250174,1.0245251390250174,1.0245251390250174,0.020000000000000018,0.020000000000000018,0.020000000000000018,0.020000000000000018,0.020000000000000018,1,200
logistic_glm,beta_1,P2,ppi,0.975,0.99,0.99,0.99,0.99,0.99,1.024525139025017,1.024525139025017,1.024525139025017,1.024525139025017,1.024525139025017,0.015000000000000013,0.015000000000000013,0.015000000000000013,0.015000000000000013,0.015000000000000013,1,200
logistic_glm,beta_1,P2,ppi_plus_plus,0.9,0.935,0.935,0.935,0.935,0.935,0.9584675952498458,0.9584675952498458,0.9584675952498458,0.9584675952498458,0.9584675952498458,0.03500000000000003,0.03500000000000003,0.03500000000000003,0.03500000000000003,0.03500000000000003,1,200
logistic_glm,beta_1,P2,ppi_plus_plus,0.95,0.97,0.97,0.97,0.97,0.97,0.9584675952498455,0.9584675952498455,0.9584675952498455,0.9584675952498455,0.9584675952498455,0.020000000000000018,0.020000000000000018,0.020000000000000018,0.020000000000000018,0.020000000000000018,1,200
logistic_glm,beta_1,P2,ppi_plus_plus,0.975,0.985,0.985,0.985,0.985,0.985,0.9584675952498455,0.9584675952498455,0.9584675952498455,0.9584675952498455,0.9584675952498455,0.010000000000000009,0.010000000000000009,0.010000000000000009,0.010000000000000009,0.010000000000000009,1,200
logistic_glm,beta_1,P3,naive_ml,0.9,0.0,0.0,0.0,0.0,0.0,0.002635354341507312,0.002635354341507312,0.002635354341507312,0.002635354341507312,0.002635354341507312,-0.9,-0.9,-0.9,-0.9,-0.9,1,200
logistic_glm,beta_1,P3,naive_ml,0.95,0.0,0.0,0.0,0.0,0.0,0.002635354341507309,0.002635354341507309,0.002635354341507309,0.002635354341507309,0.002635354341507309,-0.95,-0.95,-0.95,-0.95,-0.95,1,200
logistic_glm,beta_1,P3,naive_ml,0.975,0.0,0.0,0.0,0.0,0.0,0.002635354341507319,0.002635354341507319,0.002635354341507319,0.002635354341507319,0.002635354341507319,-0.975,-0.975,-0.975,-0.975,-0.975,1,200
logistic_glm,beta_1,P3,ppi,0.9,0.93,0.93,0.93,0.93,0.93,1.026268840499422,1.026268840499422,1.026268840499422,1.026268840499422,1.026268840499422,0.030000000000000027,0.030000000000000027,0.030000000000000027,0.030000000000000027,0.030000000000000027,1,200
logistic_glm,beta_1,P3,ppi,0.95,0.975,0.975,0.975,0.975,0.975,1.0262688404994222,1.0262688404994222,1.0262688404994222,1.0262688404994222,1.0262688404994222,0.025000000000000022,0.025000000000000022,0.025000000000000022,0.025000000000000022,0.025000000000000022,1,200
logistic_glm,beta_1,P3,ppi,0.975,0.995,0.995,0.995,0.995,0.995,1.026268840499422,1.026268840499422,1.026268840499422,1.026268840499422,1.026268840499422,0.020000000000000018,0.020000000000000018,0.020000000000000018,0.020000000000000018,0.020000000000000018,1,200
logistic_glm,beta_1,P3,ppi_plus_plus,0.9,0.92,0.92,0.92,0.92,0.92,0.9569568498964555,0.9569568498964555,0.9569568498964555,0.9569568498964555,0.9569568498964555,0.020000000000000018,0.020000000000000018,0.020000000000000018,0.020000000000000018,0.020000000000000018,1,200
logistic_glm,beta_1,P3,ppi_plus_plus,0.95,0.975,0.975,0.975,0.975,0.975,0.9569568498964551,0.9569568498964551,0.9569568498964551,0.9569568498964551,0.9569568498964551,0.025000000000000022,0.025000000000000022,0.025000000000000022,0.025000000000000022,0.025000000000000022,1,200
logistic_glm,beta_1,P3,ppi_plus_plus,0.975,0.985,0.985,0.985,0.985,0.985,0.9569568498964556,0.9569568498964556,0.9569568498964556,0.9569568498964556,0.9569568498964556,0.010000000000000009,0.010000000000000009,0.010000000000000009,0.010000000000000009,0.010000000000000009,1,200
logistic_glm,beta_1,P4,naive_ml,0.9,0.875,0.875,0.875,0.875,0.875,0.0729707262696505,0.0729707262696505,0.0729707262696505,0.0729707262696505,0.0729707262696505,-0.025000000000000022,-0.025000000000000022,-0.025000000000000022,-0.025000000000000022,-0.025000000000000022,1,200
logistic_glm,beta_1,P4,naive_ml,0.95,0.95,0.95,0.95,0.95,0.95,0.07297072626965058,0.07297072626965058,0.07297072626965058,0.07297072626965058,0.07297072626965058,0.0,0.0,0.0,0.0,0.0,1,200
logistic_glm,beta_1,P4,naive_ml,0.975,0.99,0.99,0.99,0.99,0.99,0.07297072626965047,0.07297072626965047,0.07297072626965047,0.07297072626965047,0.07297072626965047,0.015000000000000013,0.015000000000000013,0.015000000000000013,0.015000000000000013,0.015000000000000013,1,200
logistic_glm,beta_1,P4,ppi,0.9,0.925,0.925,0.925,0.925,0.925,1.0571362964462576,1.0571362964462576,1.0571362964462576,1.0571362964462576,1.0571362964462576,0.025000000000000022,0.025000000000000022,0.025000000000000022,0.025000000000000022,0.025000000000000022,1,200
logistic_glm,beta_1,P4,ppi,0.95,0.97,0.97,0.97,0.97,0.97,1.0571362964462572,1.0571362964462572,1.0571362964462572,1.0571362964462572,1.0571362964462572,0.020000000000000018,0.020000000000000018,0.020000000000000018,0.020000000000000018,0.020000000000000018,1,200
logistic_glm,beta_1,P4,ppi,0.975,1.0,1.0,1.0,1.0,1.0,1.0571362964462574,1.0571362964462574,1.0571362964462574,1.0571362964462574,1.0571362964462574,0.025000000000000022,0.025000000000000022,0.025000000000000022,0.025000000000000022,0.025000000000000022,1,200
logistic_glm,beta_1,P4,ppi_plus_plus,0.9,0.935,0.935,0.935,0.935,0.935,0.960911393651914,0.960911393651914,0.960911393651914,0.960911393651914,0.960911393651914,0.03500000000000003,0.03500000000000003,0.03500000000000003,0.03500000000000003,0.03500000000000003,1,200
logistic_glm,beta_1,P4,ppi_plus_plus,0.95,0.965,0.965,0.965,0.965,0.965,0.9609113936519134,0.9609113936519134,0.9609113936519134,0.9609113936519134,0.9609113936519134,0.015000000000000013,0.015000000000000013,0.015000000000000013,0.015000000000000013,0.015000000000000013,1,200
logistic_glm,beta_1,P4,ppi_plus_plus,0.975,0.985,0.985,0.985,0.985,0.985,0.9609113936519132,0.9609113936519132,0.9609113936519132,0.9609113936519132,0.9609113936519132,0.010000000000000009,0.010000000000000009,0.010000000000000009,0.010000000000000009,0.010000000000000009,1,200
logistic_glm,beta_1,baseline,classic,0.9,0.92,0.92,0.92,0.92,0.92,1.0,1.0,1.0,1.0,1.0,0.020000000000000018,0.020000000000000018,0.020000000000000018,0.020000000000000018,0.020000000000000018,1,200
logistic_glm,beta_1,baseline,classic,0.95,0.97,0.97,0.97,0.97,0.97,1.0,1.0,1.0,1.0,1.0,0.020000000000000018,0.020000000000000018,0.020000000000000018,0.020000000000000018,0.020000000000000018,1,200
logistic_glm,beta_1,baseline,classic,0.975,0.98,0.98,0.98,0.98,0.98,1.0,1.0,1.0,1.0,1.0,0.0050000000000000044,0.0050000000000000044,0.0050000000000000044,0.0050000000000000044,0.0050000000000000044,1,200
logistic_glm,beta_2,P1,naive_ml,0.9,0.885,0.885,0.885,0.885,0.885,0.007171165694458044,0.007171165694458044,0.007171165694458044,0.007171165694458044,0.007171165694458044,-0.015000000000000013,-0.015000000000000013,-0.015000000000000013,-0.015000000000000013,-0.015000000000000013,1,200
logistic_glm,beta_2,P1,naive_ml,0.95,0.945,0.945,0.945,0.945,0.945,0.007171165694458082,0.007171165694458082,0.007171165694458082,0.007171165694458082,0.007171165694458082,-0.0050000000000000044,-0.0050000000000000044,-0.0050000000000000044,-0.0050000000000000044,-0.0050000000000000044,1,200
logistic_glm,beta_2,P1,naive_ml,0.975,0.975,0.975,0.975,0.975,0.975,0.007171165694458061,0.007171165694458061,0.007171165694458061,0.007171165694458061,0.007171165694458061,0.0,0.0,0.0,0.0,0.0,1,200
logistic_glm,beta_2,P1,ppi,0.9,0.935,0.935,0.935,0.935,0.935,1.0021910184643035,1.0021910184643035,1.0021910184643035,1.0021910184643035,1.0021910184643035,0.03500000000000003,0.03500000000000003,0.03500000000000003,0.03500000000000003,0.03500000000000003,1,200
logistic_glm,beta_2,P1,ppi,0.95,0.98,0.98,0.98,0.98,0.98,1.002191018464303,1.002191018464303,1.002191018464303,1.002191018464303,1.002191018464303,0.030000000000000027,0.030000000000000027,0.030000000000000027,0.030000000000000027,0.030000000000000027,1,200
logistic_glm,beta_2,P1,ppi,0.975,0.995,0.995,0.995,0.995,0.995,1.0021910184643021,1.0021910184643021,1.0021910184643021,1.0021910184643021,1.0021910184643021,0.020000000000000018,0.020000000000000018,0.020000000000000018,0.020000000000000018,0.020000000000000018,1,200
logistic_glm,beta_2,P1,ppi_plus_plus,0.9,0.93,0.93,0.93,0.93,0.93,0.9815711091026461,0.9815711091026461,0.9815711091026461,0.9815711091026461,0.9815711091026461,0.030000000000000027,0.030000000000000027,0.030000000000000027,0.030000000000000027,0.030000000000000027,1,200
logistic_glm,beta_2,P1,ppi_plus_plus,0.95,0.965,0.965,0.965,0.965,0.965,0.9815711091026466,0.9815711091026466,0.9815711091026466,0.9815711091026466,0.9815711091026466,0.015000000000000013,0.015000000000000013,0.015000000000000013,0.015000000000000013,0.015000000000000013,1,200
logistic_glm,beta_2,P1,ppi_plus_plus,0.975,0.99,0.99,0.99,0.99,0.99,0.9815711091026456,0.9815711091026456,0.9815711091026456,0.9815711091026456,0.9815711091026456,0.015000000000000013,0.015000000000000013,0.015000000000000013,0.015000000000000013,0.015000000000000013,1,200
logistic_glm,beta_2,P2,naive_ml,0.9,0.1,0.1,0.1,0.1,0.1,0.0035983905042210845,0.0035983905042210845,0.0035983905042210845,0.0035983905042210845,0.0035983905042210845,-0.8,-0.8,-0.8,-0.8,-0.8,1,200
logistic_glm,beta_2,P2,naive_ml,0.95,0.175,0.175,0.175,0.175,0.175,0.0035983905042210928,0.0035983905042210928,0.0035983905042210928,0.0035983905042210928,0.0035983905042210928,-0.7749999999999999,-0.7749999999999999,-0.7749999999999999,-0.7749999999999999,-0.7749999999999999,1,200
logistic_glm,beta_2,P2,naive_ml,0.975,0.27,0.27,0.27,0.27,0.27,0.003598390504221094,0.003598390504221094,0.003598390504221094,0.003598390504221094,0.003598390504221094,-0.705,-0.705,-0.705,-0.705,-0.705,1,200
logistic_glm,beta_2,P2,ppi,0.9,0.94,0.94,0.94,0.94,0.94,1.012365185667099,1.012365185667099,1.012365185667099,1.012365185667099,1.012365185667099,0.039999999999999925,0.039999999999999925,0.039999999999999925,0.039999999999999925,0.039999999999999925,1,200
logistic_glm,beta_2,P2,ppi,0.95,0.975,0.975,0.975,0.975,0.975,1.0123651856671,1.0123651856671,1.0123651856671,1.0123651856671,1.0123651856671,0.025000000000000022,0.025000000000000022,0.025000000000000022,0.025000000000000022,0.025000000000000022,1,200
logistic_glm,beta_2,P2,ppi,0.975,0.995,0.995,0.995,0.995,0.995,1.012365185667098,1.012365185667098,1.012365185667098,1.012365185667098,1.012365185667098,0.020000000000000018,0.020000000000000018,0.020000000000000018,0.020000000000000018,0.020000000000000018,1,200
logistic_glm,beta_2,P2,ppi_plus_plus,0.9,0.935,0.935,0.935,0.935,0.935,0.9828718661135513,0.9828718661135513,0.9828718661135513,0.9828718661135513,0.9828718661135513,0.03500000000000003,0.03500000000000003,0.03500000000000003,0.03500000000000003,0.03500000000000003,1,200
logistic_glm,beta_2,P2,ppi_plus_plus,0.95,0.965,0.965,0.965,0.965,0.965,0.9828718661135529,0.9828718661135529,0.9828718661135529,0.9828718661135529,0.9828718661135529,0.015000000000000013,0.015000000000000013,0.015000000000000013,0.015000000000000013,0.015000000000000013,1,200
logistic_glm,beta_2,P2,ppi_plus_plus,0.975,0.995,0.995,0.995,0.995,0.995,0.9828718661135505,0.9828718661135505,0.9828718661135505,0.9828718661135505,0.9828718661135505,0.020000000000000018,0.020000000000000018,0.020000000000000018,0.020000000000000018,0.020000000000000018,1,200
logistic_glm,beta_2,P3,naive_ml,0.9,0.0,0.0,0.0,0.0,0.0,0.0020964713162765535,0.0020964713162765535,0.0020964713162765535,0.0020964713162765535,0.0020964713162765535,-0.9,-0.9,-0.9,-0.9,-0.9,1,200
logistic_glm,beta_2,P3,naive_ml,0.95,0.0,0.0,0.0,0.0,0.0,0.002096471316276565,0.002096471316276565,0.002096471316276565,0.002096471316276565,0.002096471316276565,-0.95,-0.95,-0.95,-0.95,-0.95,1,200
logistic_glm,beta_2,P3,naive_ml,0.975,0.0,0.0,0.0,0.0,0.0,0.002096471316276553,0.002096471316276553,0.002096471316276553,0.002096471316276553,0.002096471316276553,-0.975,-0.975,-0.975,-0.975,-0.975,1,200
logistic_glm,beta_2,P3,ppi,0.9,0.935,0.935,0.935,0.935,0.935,1.006746044921264,1.006746044921264,1.006746044921264,1.006746044921264,1.006746044921264,0.03500000000000003,0.03500000000000003,0.03500000000000003,0.03500000000000003,0.03500000000000003,1,200
logistic_glm,beta_2,P3,ppi,0.95,0.985,0.985,0.985,0.985,0.985,1.0067460449212642,1.0067460449212642,1.0067460449212642,1.0067460449212642,1.0067460449212642,0.03500000000000003,0.03500000000000003,0.03500000000000003,0.03500000000000003,0.03500000000000003,1,200
logistic_glm,beta_2,P3,ppi,0.975,0.995,0.995,0.995,0.995,0.995,1.006746044921263,1.006746044921263,1.006746044921263,1.006746044921263,1.006746044921263,0.020000000000000018,0.020000000000000018,0.020000000000000018,0.020000000000000018,0.020000000000000018,1,200
logistic_glm,beta_2,P3,ppi_plus_plus,0.9,0.925,0.925,0.925,0.925,0.925,0.980999251771227,0.980999251771227,0.980999251771227,0.980999251771227,0.980999251771227,0.025000000000000022,0.025000000000000022,0.025000000000000022,0.025000000000000022,0.025000000000000022,1,200
logistic_glm,beta_2,P3,ppi_plus_plus,0.95,0.965,0.965,0.965,0.965,0.965,0.9809992517712276,0.9809992517712276,0.9809992517712276,0.9809992517712276,0.9809992517712276,0.015000000000000013,0.015000000000000013,0.015000000000000013,0.015000000000000013,0.015000000000000013,1,200
logistic_glm,beta_2,P3,ppi_plus_plus,0.975,0.99,0.99,0.99,0.99,0.99,0.9809992517712264,0.9809992517712264,0.9809992517712264,0.9809992517712264,0.9809992517712264,0.015000000000000013,0.015000000000000013,0.015000000000000013,0.015000000000000013,0.015000000000000013,1,200
logistic_glm,beta_2,P4,naive_ml,0.9,0.885,0.885,0.885,0.885,0.885,0.07179824192137997,0.07179824192137997,0.07179824192137997,0.07179824192137997,0.07179824192137997,-0.015000000000000013,-0.015000000000000013,-0.015000000000000013,-0.015000000000000013,-0.015000000000000013,1,200
logistic_glm,beta_2,P4,naive_ml,0.95,0.945,0.945,0.945,0.945,0.945,0.07179824192138,0.07179824192138,0.07179824192138,0.07179824192138,0.07179824192138,-0.0050000000000000044,-0.0050000000000000044,-0.0050000000000000044,-0.0050000000000000044,-0.0050000000000000044,1,200
logistic_glm,beta_2,P4,naive_ml,0.975,0.975,0.975,0.975,0.975,0.975,0.07179824192137987,0.07179824192137987,0.07179824192137987,0.07179824192137987,0.07179824192137987,0.0,0.0,0.0,0.0,0.0,1,200
logistic_glm,beta_2,P4,ppi,0.9,0.925,0.925,0.925,0.925,0.925,1.0434744545405292,1.0434744545405292,1.0434744545405292,1.0434744545405292,1.0434744545405292,0.025000000000000022,0.025000000000000022,0.025000000000000022,0.025000000000000022,0.025000000000000022,1,200
logistic_glm,beta_2,P4,ppi,0.95,0.98,0.98,0.98,0.98,0.98,1.0434744545405301,1.0434744545405301,1.0434744545405301,1.0434744545405301,1.0434744545405301,0.030000000000000027,0.030000000000000027,0.030000000000000027,0.030000000000000027,0.030000000000000027,1,200
logistic_glm,beta_2,P4,ppi,0.975,0.995,0.995,0.995,0.995,0.995,1.0434744545405288,1.0434744545405288,1.0434744545405288,1.0434744545405288,1.0434744545405288,0.020000000000000018,0.020000000000000018,0.020000000000000018,0.020000000000000018,0.020000000000000018,1,200
logistic_glm,beta_2,P4,ppi_plus_plus,0.9,0.935,0.935,0.935,0.935,0.935,0.9823620508836154,0.9823620508836154,0.9823620508836154,0.9823620508836154,0.9823620508836154,0.03500000000000003,0.03500000000000003,0.03500000000000003,0.03500000000000003,0.03500000000000003,1,200
logistic_glm,beta_2,P4,ppi_plus_plus,0.95,0.965,0.965,0.965,0.965,0.965,0.9823620508836169,0.9823620508836169,0.9823620508836169,0.9823620508836169,0.9823620508836169,0.015000000000000013,0.015000000000000013,0.015000000000000013,0.015000000000000013,0.015000000000000013,1,200
logistic_glm,beta_2,P4,ppi_plus_plus,0.975,0.99,0.99,0.99,0.99,0.99,0.9823620508836152,0.9823620508836152,0.9823620508836152,0.9823620508836152,0.9823620508836152,0.015000000000000013,0.015000000000000013,0.015000000000000013,0.015000000000000013,0.015000000000000013,1,200
logistic_glm,beta_2,baseline,classic,0.9,0.93,0.93,0.93,0.93,0.93,1.0,1.0,1.0,1.0,1.0,0.030000000000000027,0.030000000000000027,0.030000000000000027,0.030000000000000027,0.030000000000000027,1,200
logistic_glm,beta_2,baseline,classic,0.95,0.955,0.955,0.955,0.955,0.955,1.0,1.0,1.0,1.0,1.0,0.0050000000000000044,0.0050000000000000044,0.0050000000000000044,0.0050000000000000044,0.0050000000000000044,1,200
logistic_glm,beta_2,baseline,classic,0.975,0.99,0.99,0.99,0.99,0.99,1.0,1.0,1.0,1.0,1.0,0.015000000000000013,0.015000000000000013,0.015000000000000013,0.015000000000000013,0.015000000000000013,1,200
lr,beta_0,P1,naive_ml,0.9,0.9,0.9,0.9,0.9,0.9,0.003694778341894735,0.003694778341894735,0.003694778341894735,0.003694778341894735,0.003694778341894735,0.0,0.0,0.0,0.0,0.0,1,200
lr,beta_0,P1,naive_ml,0.95,0.965,0.965,0.965,0.965,0.965,0.003694778341894777,0.003694778341894777,0.003694778341894777,0.003694778341894777,0.003694778341894777,0.015000000000000013,0.015000000000000013,0.015000000000000013,0.015000000000000013,0.015000000000000013,1,200
lr,beta_0,P1,naive_ml,0.975,0.975,0.975,0.975,0.975,0.975,0.003694778341894848,0.003694778341894848,0.003694778341894848,0.003694778341894848,0.003694778341894848,0.0,0.0,0.0,0.0,0.0,1,200
lr,beta_0,P1,ppi,0.9,0.915,0.915,0.915,0.915,0.915,1.010196598054698,1.010196598054698,1.010196598054698,1.010196598054698,1.010196598054698,0.015000000000000013,0.015000000000000013,0.015000000000000013,0.015000000000000013,0.015000000000000013,1,200
lr,beta_0,P1,ppi,0.95,0.97,0.97,0.97,0.97,0.97,1.010196598054698,1.010196598054698,1.010196598054698,1.010196598054698,1.010196598054698,0.020000000000000018,0.020000000000000018,0.020000000000000018,0.020000000000000018,0.020000000000000018,1,200
lr,beta_0,P1,ppi,0.975,0.985,0.985,0.985,0.985,0.985,1.0101965980546992,1.0101965980546992,1.0101965980546992,1.0101965980546992,1.0101965980546992,0.010000000000000009,0.010000000000000009,0.010000000000000009,0.010000000000000009,0.010000000000000009,1,200
lr,beta_0,P1,ppi_plus_plus,0.9,0.905,0.905,0.905,0.905,0.905,0.9696842143066011,0.9696842143066011,0.9696842143066011,0.9696842143066011,0.9696842143066011,0.0050000000000000044,0.0050000000000000044,0.0050000000000000044,0.0050000000000000044,0.0050000000000000044,1,200
lr,beta_0,P1,ppi_plus_plus,0.95,0.965,0.965,0.965,0.965,0.965,0.9696842143066008,0.9696842143066008,0.9696842143066008,0.9696842143066008,0.9696842143066008,0.015000000000000013,0.015000000000000013,0.015000000000000013,0.015000000000000013,0.015000000000000013,1,200
lr,beta_0,P1,ppi_plus_plus,0.975,0.985,0.985,0.985,0.985,0.985,0.969684214306603,0.969684214306603,0.969684214306603,0.969684214306603,0.969684214306603,0.010000000000000009,0.010000000000000009,0.010000000000000009,0.010000000000000009,0.010000000000000009,1,200
lr,beta_0,P2,naive_ml,0.9,0.0,0.0,0.0,0.0,0.0,8.117299185836117e-17,8.117299185836117e-17,8.117299185836117e-17,8.117299185836117e-17,8.117299185836117e-17,-0.9,-0.9,-0.9,-0.9,-0.9,1,200
lr,beta_0,P2,naive_ml,0.95,0.0,0.0,0.0,0.0,0.0,8.11729918583611e-17,8.11729918583611e-17,8.11729918583611e-17,8.11729918583611e-17,8.11729918583611e-17,-0.95,-0.95,-0.95,-0.95,-0.95,1,200
lr,beta_0,P2,naive_ml,0.975,0.0,0.0,0.0,0.0,0.0,8.117299185836123e-17,8.117299185836123e-17,8.117299185836123e-17,8.117299185836123e-17,8.117299185836123e-17,-0.975,-0.975,-0.975,-0.975,-0.975,1,200
lr,beta_0,P2,ppi,0.9,0.92,0.92,0.92,0.92,0.92,1.0110935906374545,1.0110935906374545,1.0110935906374545,1.0110935906374545,1.0110935906374545,0.020000000000000018,0.020000000000000018,0.020000000000000018,0.020000000000000018,0.020000000000000018,1,200
lr,beta_0,P2,ppi,0.95,0.965,0.965,0.965,0.965,0.965,1.0110935906374556,1.0110935906374556,1.0110935906374556,1.0110935906374556,1.0110935906374556,0.015000000000000013,0.015000000000000013,0.015000000000000013,0.015000000000000013,0.015000000000000013,1,200
lr,beta_0,P2,ppi,0.975,0.985,0.985,0.985,0.985,0.985,1.0110935906374552,1.0110935906374552,1.0110935906374552,1.0110935906374552,1.0110935906374552,0.010000000000000009,0.010000000000000009,0.010000000000000009,0.010000000000000009,0.010000000000000009,1,200
lr,beta_0,P2,ppi_plus_plus,0.9,0.905,0.905,0.905,0.905,0.905,0.9697344683192466,0.9697344683192466,0.9697344683192466,0.9697344683192466,0.9697344683192466,0.0050000000000000044,0.0050000000000000044,0.0050000000000000044,0.0050000000000000044,0.0050000000000000044,1,200
lr,beta_0,P2,ppi_plus_plus,0.95,0.955,0.955,0.955,0.955,0.955,0.9697344683192473,0.9697344683192473,0.9697344683192473,0.9697344683192473,0.9697344683192473,0.0050000000000000044,0.0050000000000000044,0.0050000000000000044,0.0050000000000000044,0.0050000000000000044,1,200
lr,beta_0,P2,ppi_plus_plus,0.975,0.985,0.985,0.985,0.985,0.985,0.969734468319248,0.969734468319248,0.969734468319248,0.969734468319248,0.969734468319248,0.010000000000000009,0.010000000000000009,0.010000000000000009,0.010000000000000009,0.010000000000000009,1,200
lr,beta_0,P3,naive_ml,0.9,0.0,0.0,0.0,0.0,0.0,8.374907699008592e-17,8.374907699008592e-17,8.374907699008592e-17,8.374907699008592e-17,8.374907699008592e-17,-0.9,-0.9,-0.9,-0.9,-0.9,1,200
lr,beta_0,P3,naive_ml,0.95,0.0,0.0,0.0,0.0,0.0,8.374907699008598e-17,8.374907699008598e-17,8.374907699008598e-17,8.374907699008598e-17,8.374907699008598e-17,-0.95,-0.95,-0.95,-0.95,-0.95,1,200
lr,beta_0,P3,naive_ml,0.975,0.0,0.0,0.0,0.0,0.0,8.374907699008608e-17,8.374907699008608e-17,8.374907699008608e-17,8.374907699008608e-17,8.374907699008608e-17,-0.975,-0.975,-0.975,-0.975,-0.975,1,200
lr,beta_0,P3,ppi,0.9,0.91,0.91,0.91,0.91,0.91,1.0109416809029677,1.0109416809029677,1.0109416809029677,1.0109416809029677,1.0109416809029677,0.010000000000000009,0.010000000000000009,0.010000000000000009,0.010000000000000009,0.010000000000000009,1,200
lr,beta_0,P3,ppi,0.95,0.965,0.965,0.965,0.965,0.965,1.0109416809029672,1.0109416809029672,1.0109416809029672,1.0109416809029672,1.0109416809029672,0.015000000000000013,0.015000000000000013,0.015000000000000013,0.015000000000000013,0.015000000000000013,1,200
lr,beta_0,P3,ppi,0.975,0.98,0.98,0.98,0.98,0.98,1.0109416809029683,1.0109416809029683,1.0109416809029683,1.0109416809029683,1.0109416809029683,0.0050000000000000044,0.0050000000000000044,0.0050000000000000044,0.0050000000000000044,0.0050000000000000044,1,200
lr,beta_0,P3,ppi_plus_plus,0.9,0.9,0.9,0.9,0.9,0.9,0.9705518216906288,0.9705518216906288,0.9705518216906288,0.9705518216906288,0.9705518216906288,0.0,0.0,0.0,0.0,0.0,1,200
lr,beta_0,P3,ppi_plus_plus,0.95,0.965,0.965,0.965,0.965,0.965,0.9705518216906293,0.9705518216906293,0.9705518216906293,0.9705518216906293,0.9705518216906293,0.015000000000000013,0.015000000000000013,0.015000000000000013,0.015000000000000013,0.015000000000000013,1,200
lr,beta_0,P3,ppi_plus_plus,0.975,0.98,0.98,0.98,0.98,0.98,0.9705518216906305,0.9705518216906305,0.9705518216906305,0.9705518216906305,0.9705518216906305,0.0050000000000000044,0.0050000000000000044,0.0050000000000000044,0.0050000000000000044,0.0050000000000000044,1,200
lr,beta_0,P4,naive_ml,0.9,0.9,0.9,0.9,0.9,0.9,0.03694778341894836,0.03694778341894836,0.03694778341894836,0.03694778341894836,0.03694778341894836,0.0,0.0,0.0,0.0,0.0,1,200
lr,beta_0,P4,naive_ml,0.95,0.965,0.965,0.965,0.965,0.965,0.03694778341894847,0.03694778341894847,0.03694778341894847,0.03694778341894847,0.03694778341894847,0.015000000000000013,0.015000000000000013,0.015000000000000013,0.015000000000000013,0.015000000000000013,1,200
lr,beta_0,P4,naive_ml,0.975,0.975,0.975,0.975,0.975,0.975,0.03694778341894848,0.03694778341894848,0.03694778341894848,0.03694778341894848,0.03694778341894848,0.0,0.0,0.0,0.0,0.0,1,200
lr,beta_0,P4,ppi,0.9,0.91,0.91,0.91,0.91,0.91,1.01879611458738,1.01879611458738,1.01879611458738,1.01879611458738,1.01879611458738,0.010000000000000009,0.010000000000000009,0.010000000000000009,0.010000000000000009,0.010000000000000009,1,200
lr,beta_0,P4,ppi,0.95,0.97,0.97,0.97,0.97,0.97,1.0187961145873798,1.0187961145873798,1.0187961145873798,1.0187961145873798,1.0187961145873798,0.020000000000000018,0.020000000000000018,0.020000000000000018,0.020000000000000018,0.020000000000000018,1,200
lr,beta_0,P4,ppi,0.975,0.98,0.98,0.98,0.98,0.98,1.0187961145873823,1.0187961145873823,1.0187961145873823,1.0187961145873823,1.0187961145873823,0.0050000000000000044,0.0050000000000000044,0.0050000000000000044,0.0050000000000000044,0.0050000000000000044,1,200
lr,beta_0,P4,ppi_plus_plus,0.9,0.895,0.895,0.895,0.895,0.895,0.9701192624222392,0.9701192624222392,0.9701192624222392,0.9701192624222392,0.9701192624222392,-0.0050000000000000044,-0.0050000000000000044,-0.0050000000000000044,-0.0050000000000000044,-0.0050000000000000044,1,200
lr,beta_0,P4,ppi_plus_plus,0.95,0.965,0.965,0.965,0.965,0.965,0.9701192624222398,0.9701192624222398,0.9701192624222398,0.9701192624222398,0.9701192624222398,0.015000000000000013,0.015000000000000013,0.015000000000000013,0.015000000000000013,0.015000000000000013,1,200
lr,beta_0,P4,ppi_plus_plus,0.975,0.98,0.98,0.98,0.98,0.98,0.9701192624222408,0.9701192624222408,0.9701192624222408,0.9701192624222408,0.9701192624222408,0.0050000000000000044,0.0050000000000000044,0.0050000000000000044,0.0050000000000000044,0.0050000000000000044,1,200
lr,beta_0,baseline,classic,0.9,0.9,0.9,0.9,0.9,0.9,1.0,1.0,1.0,1.0,1.0,0.0,0.0,0.0,0.0,0.0,1,200
lr,beta_0,baseline,classic,0.95,0.96,0.96,0.96,0.96,0.96,1.0,1.0,1.0,1.0,1.0,0.010000000000000009,0.010000000000000009,0.010000000000000009,0.010000000000000009,0.010000000000000009,1,200
lr,beta_0,baseline,classic,0.975,0.98,0.98,0.98,0.98,0.98,1.0,1.0,1.0,1.0,1.0,0.0050000000000000044,0.0050000000000000044,0.0050000000000000044,0.0050000000000000044,0.0050000000000000044,1,200
lr,beta_1,P1,naive_ml,0.9,0.885,0.885,0.885,0.885,0.885,0.0036483259584526363,0.0036483259584526363,0.0036483259584526363,0.0036483259584526363,0.0036483259584526363,-0.015000000000000013,-0.015000000000000013,-0.015000000000000013,-0.015000000000000013,-0.015000000000000013,1,200
lr,beta_1,P1,naive_ml,0.95,0.94,0.94,0.94,0.94,0.94,0.003648325958452703,0.003648325958452703,0.003648325958452703,0.003648325958452703,0.003648325958452703,-0.010000000000000009,-0.010000000000000009,-0.010000000000000009,-0.010000000000000009,-0.010000000000000009,1,200
lr,beta_1,P1,naive_ml,0.975,0.985,0.985,0.985,0.985,0.985,0.0036483259584526658,0.0036483259584526658,0.0036483259584526658,0.0036483259584526658,0.0036483259584526658,0.010000000000000009,0.010000000000000009,0.010000000000000009,0.010000000000000009,0.010000000000000009,1,200
lr,beta_1,P1,ppi,0.9,0.915,0.915,0.915,0.915,0.915,1.010520490055218,1.010520490055218,1.010520490055218,1.010520490055218,1.010520490055218,0.015000000000000013,0.015000000000000013,0.015000000000000013,0.015000000000000013,0.015000000000000013,1,200
lr,beta_1,P1,ppi,0.95,0.96,0.96,0.96,0.96,0.96,1.0105204900552178,1.0105204900552178,1.0105204900552178,1.0105204900552178,1.0105204900552178,0.010000000000000009,0.010000000000000009,0.010000000000000009,0.010000000000000009,0.010000000000000009,1,200
lr,beta_1,P1,ppi,0.975,0.975,0.975,0.975,0.975,0.975,1.0105204900552172,1.0105204900552172,1.0105204900552172,1.0105204900552172,1.0105204900552172,0.0,0.0,0.0,0.0,0.0,1,200
lr,beta_1,P1,ppi_plus_plus,0.9,0.91,0.91,0.91,0.91,0.91,0.9556254127390983,0.9556254127390983,0.9556254127390983,0.9556254127390983,0.9556254127390983,0.010000000000000009,0.010000000000000009,0.010000000000000009,0.010000000000000009,0.010000000000000009,1,200
lr,beta_1,P1,ppi_plus_plus,0.95,0.94,0.94,0.94,0.94,0.94,0.9556254127390982,0.9556254127390982,0.9556254127390982,0.9556254127390982,0.9556254127390982,-0.010000000000000009,-0.010000000000000009,-0.010000000000000009,-0.010000000000000009,-0.010000000000000009,1,200
lr,beta_1,P1,ppi_plus_plus,0.975,0.97,0.97,0.97,0.97,0.97,0.9556254127390977,0.9556254127390977,0.9556254127390977,0.9556254127390977,0.9556254127390977,-0.0050000000000000044,-0.0050000000000000044,-0.0050000000000000044,-0.0050000000000000044,-0.0050000000000000044,1,200
lr,beta_1,P2,naive_ml,0.9,1.0,1.0,1.0,1.0,1.0,8.333349655523583e-17,8.333349655523583e-17,8.333349655523583e-17,8.333349655523583e-17,8.333349655523583e-17,0.09999999999999998,0.09999999999999998,0.09999999999999998,0.09999999999999998,0.09999999999999998,1,200
lr,beta_1,P2,naive_ml,0.95,1.0,1.0,1.0,1.0,1.0,8.33334965552359e-17,8.33334965552359e-17,8.33334965552359e-17,8.33334965552359e-17,8.33334965552359e-17,0.050000000000000044,0.050000000000000044,0.050000000000000044,0.050000000000000044,0.050000000000000044,1,200
lr,beta_1,P2,naive_ml,0.975,1.0,1.0,1.0,1.0,1.0,8.333349655523575e-17,8.333349655523575e-17,8.333349655523575e-17,8.333349655523575e-17,8.333349655523575e-17,0.025000000000000022,0.025000000000000022,0.025000000000000022,0.025000000000000022,0.025000000000000022,1,200
lr,beta_1,P2,ppi,0.9,0.91,0.91,0.91,0.91,0.91,1.013029739127861,1.013029739127861,1.013029739127861,1.013029739127861,1.013029739127861,0.010000000000000009,0.010000000000000009,0.010000000000000009,0.010000000000000009,0.010000000000000009,1,200
lr,beta_1,P2,ppi,0.95,0.96,0.96,0.96,0.96,0.96,1.013029739127861,1.013029739127861,1.013029739127861,1.013029739127861,1.013029739127861,0.010000000000000009,0.010000000000000009,0.010000000000000009,0.010000000000000009,0.010000000000000009,1,200
lr,beta_1,P2,ppi,0.975,0.98,0.98,0.98,0.98,0.98,1.0130297391278609,1.0130297391278609,1.0130297391278609,1.0130297391278609,1.0130297391278609,0.0050000000000000044,0.0050000000000000044,0.0050000000000000044,0.0050000000000000044,0.0050000000000000044,1,200
lr,beta_1,P2,ppi_plus_plus,0.9,0.91,0.91,0.91,0.91,0.91,0.9567473798706607,0.9567473798706607,0.9567473798706607,0.9567473798706607,0.9567473798706607,0.010000000000000009,0.010000000000000009,0.010000000000000009,0.010000000000000009,0.010000000000000009,1,200
lr,beta_1,P2,ppi_plus_plus,0.95,0.94,0.94,0.94,0.94,0.94,0.9567473798706617,0.9567473798706617,0.9567473798706617,0.9567473798706617,0.9567473798706617,-0.010000000000000009,-0.010000000000000009,-0.010000000000000009,-0.010000000000000009,-0.010000000000000009,1,200
lr,beta_1,P2,ppi_plus_plus,0.975,0.97,0.97,0.97,0.97,0.97,0.9567473798706608,0.9567473798706608,0.9567473798706608,0.9567473798706608,0.9567473798706608,-0.0050000000000000044,-0.0050000000000000044,-0.0050000000000000044,-0.0050000000000000044,-0.0050000000000000044,1,200
lr,beta_1,P3,naive_ml,0.9,1.0,1.0,1.0,1.0,1.0,8.447822038354409e-17,8.447822038354409e-17,8.447822038354409e-17,8.447822038354409e-17,8.447822038354409e-17,0.09999999999999998,0.09999999999999998,0.09999999999999998,0.09999999999999998,0.09999999999999998,1,200
lr,beta_1,P3,naive_ml,0.95,1.0,1.0,1.0,1.0,1.0,8.447822038354408e-17,8.447822038354408e-17,8.447822038354408e-17,8.447822038354408e-17,8.447822038354408e-17,0.050000000000000044,0.050000000000000044,0.050000000000000044,0.050000000000000044,0.050000000000000044,1,200
lr,beta_1,P3,naive_ml,0.975,1.0,1.0,1.0,1.0,1.0,8.447822038354399e-17,8.447822038354399e-17,8.447822038354399e-17,8.447822038354399e-17,8.447822038354399e-17,0.025000000000000022,0.025000000000000022,0.025000000000000022,0.025000000000000022,0.025000000000000022,1,200
lr,beta_1,P3,ppi,0.9,0.905,0.905,0.905,0.905,0.905,1.0131143769324653,1.0131143769324653,1.0131143769324653,1.0131143769324653,1.0131143769324653,0.0050000000000000044,0.0050000000000000044,0.0050000000000000044,0.0050000000000000044,0.0050000000000000044,1,200
lr,beta_1,P3,ppi,0.95,0.96,0.96,0.96,0.96,0.96,1.0131143769324658,1.0131143769324658,1.0131143769324658,1.0131143769324658,1.0131143769324658,0.010000000000000009,0.010000000000000009,0.010000000000000009,0.010000000000000009,0.010000000000000009,1,200
lr,beta_1,P3,ppi,0.975,0.975,0.975,0.975,0.975,0.975,1.0131143769324644,1.0131143769324644,1.0131143769324644,1.0131143769324644,1.0131143769324644,0.0,0.0,0.0,0.0,0.0,1,200
lr,beta_1,P3,ppi_plus_plus,0.9,0.91,0.91,0.91,0.91,0.91,0.9569354822635115,0.9569354822635115,0.9569354822635115,0.9569354822635115,0.9569354822635115,0.010000000000000009,0.010000000000000009,0.010000000000000009,0.010000000000000009,0.010000000000000009,1,200
lr,beta_1,P3,ppi_plus_plus,0.95,0.94,0.94,0.94,0.94,0.94,0.9569354822635118,0.9569354822635118,0.9569354822635118,0.9569354822635118,0.9569354822635118,-0.010000000000000009,-0.010000000000000009,-0.010000000000000009,-0.010000000000000009,-0.010000000000000009,1,200
lr,beta_1,P3,ppi_plus_plus,0.975,0.97,0.97,0.97,0.97,0.97,0.956935482263511,0.956935482263511,0.956935482263511,0.956935482263511,0.956935482263511,-0.0050000000000000044,-0.0050000000000000044,-0.0050000000000000044,-0.0050000000000000044,-0.0050000000000000044,1,200
lr,beta_1,P4,naive_ml,0.9,0.885,0.885,0.885,0.885,0.885,0.03648325958452745,0.03648325958452745,0.03648325958452745,0.03648325958452745,0.03648325958452745,-0.015000000000000013,-0.015000000000000013,-0.015000000000000013,-0.015000000000000013,-0.015000000000000013,1,200
lr,beta_1,P4,naive_ml,0.95,0.94,0.94,0.94,0.94,0.94,0.03648325958452749,0.03648325958452749,0.03648325958452749,0.03648325958452749,0.03648325958452749,-0.010000000000000009,-0.010000000000000009,-0.010000000000000009,-0.010000000000000009,-0.010000000000000009,1,200
lr,beta_1,P4,naive_ml,0.975,0.985,0.985,0.985,0.985,0.985,0.03648325958452746,0.03648325958452746,0.03648325958452746,0.03648325958452746,0.03648325958452746,0.010000000000000009,0.010000000000000009,0.010000000000000009,0.010000000000000009,0.010000000000000009,1,200
lr,beta_1,P4,ppi,0.9,0.92,0.92,0.92,0.92,0.92,1.0180356145571043,1.0180356145571043,1.0180356145571043,1.0180356145571043,1.0180356145571043,0.020000000000000018,0.020000000000000018,0.020000000000000018,0.020000000000000018,0.020000000000000018,1,200
lr,beta_1,P4,ppi,0.95,0.955,0.955,0.955,0.955,0.955,1.0180356145571043,1.0180356145571043,1.0180356145571043,1.0180356145571043,1.0180356145571043,0.0050000000000000044,0.0050000000000000044,0.0050000000000000044,0.0050000000000000044,0.0050000000000000044,1,200
lr,beta_1,P4,ppi,0.975,0.975,0.975,0.975,0.975,0.975,1.0180356145571046,1.0180356145571046,1.0180356145571046,1.0180356145571046,1.0180356145571046,0.0,0.0,0.0,0.0,0.0,1,200
lr,beta_1,P4,ppi_plus_plus,0.9,0.91,0.91,0.91,0.91,0.91,0.9582349696499363,0.9582349696499363,0.9582349696499363,0.9582349696499363,0.9582349696499363,0.010000000000000009,0.010000000000000009,0.010000000000000009,0.010000000000000009,0.010000000000000009,1,200
lr,beta_1,P4,ppi_plus_plus,0.95,0.945,0.945,0.945,0.945,0.945,0.958234969649937,0.958234969649937,0.958234969649937,0.958234969649937,0.958234969649937,-0.0050000000000000044,-0.0050000000000000044,-0.0050000000000000044,-0.0050000000000000044,-0.0050000000000000044,1,200
lr,beta_1,P4,ppi_plus_plus,0.975,0.97,0.97,0.97,0.97,0.97,0.9582349696499357,0.9582349696499357,0.9582349696499357,0.9582349696499357,0.9582349696499357,-0.0050000000000000044,-0.0050000000000000044,-0.0050000000000000044,-0.0050000000000000044,-0.0050000000000000044,1,200
lr,beta_1,baseline,classic,0.9,0.905,0.905,0.905,0.905,0.905,1.0,1.0,1.0,1.0,1.0,0.0050000000000000044,0.0050000000000000044,0.0050000000000000044,0.0050000000000000044,0.0050000000000000044,1,200
lr,beta_1,baseline,classic,0.95,0.94,0.94,0.94,0.94,0.94,1.0,1.0,1.0,1.0,1.0,-0.010000000000000009,-0.010000000000000009,-0.010000000000000009,-0.010000000000000009,-0.010000000000000009,1,200
lr,beta_1,baseline,classic,0.975,0.965,0.965,0.965,0.965,0.965,1.0,1.0,1.0,1.0,1.0,-0.010000000000000009,-0.010000000000000009,-0.010000000000000009,-0.010000000000000009,-0.010000000000000009,1,200
lr,beta_2,P1,naive_ml,0.9,0.885,0.885,0.885,0.885,0.885,0.0036363403256264182,0.0036363403256264182,0.0036363403256264182,0.0036363403256264182,0.0036363403256264182,-0.015000000000000013,-0.015000000000000013,-0.015000000000000013,-0.015000000000000013,-0.015000000000000013,1,200
lr,beta_2,P1,naive_ml,0.95,0.94,0.94,0.94,0.94,0.94,0.0036363403256265154,0.0036363403256265154,0.0036363403256265154,0.0036363403256265154,0.0036363403256265154,-0.010000000000000009,-0.010000000000000009,-0.010000000000000009,-0.010000000000000009,-0.010000000000000009,1,200
lr,beta_2,P1,naive_ml,0.975,0.975,0.975,0.975,0.975,0.975,0.003636340325626494,0.003636340325626494,0.003636340325626494,0.003636340325626494,0.003636340325626494,0.0,0.0,0.0,0.0,0.0,1,200
lr,beta_2,P1,ppi,0.9,0.9,0.9,0.9,0.9,0.9,1.00474800435438,1.00474800435438,1.00474800435438,1.00474800435438,1.00474800435438,0.0,0.0,0.0,0.0,0.0,1,200
lr,beta_2,P1,ppi,0.95,0.95,0.95,0.95,0.95,0.95,1.0047480043543806,1.0047480043543806,1.0047480043543806,1.0047480043543806,1.0047480043543806,0.0,0.0,0.0,0.0,0.0,1,200
lr,beta_2,P1,ppi,0.975,0.985,0.985,0.985,0.985,0.985,1.0047480043543802,1.0047480043543802,1.0047480043543802,1.0047480043543802,1.0047480043543802,0.010000000000000009,0.010000000000000009,0.010000000000000009,0.010000000000000009,0.010000000000000009,1,200
lr,beta_2,P1,ppi_plus_plus,0.9,0.89,0.89,0.89,0.89,0.89,0.9846928252522031,0.9846928252522031,0.9846928252522031,0.9846928252522031,0.9846928252522031,-0.010000000000000009,-0.010000000000000009,-0.010000000000000009,-0.010000000000000009,-0.010000000000000009,1,200
lr,beta_2,P1,ppi_plus_plus,0.95,0.94,0.94,0.94,0.94,0.94,0.984692825252203,0.984692825252203,0.984692825252203,0.984692825252203,0.984692825252203,-0.010000000000000009,-0.010000000000000009,-0.010000000000000009,-0.010000000000000009,-0.010000000000000009,1,200
lr,beta_2,P1,ppi_plus_plus,0.975,0.985,0.985,0.985,0.985,0.985,0.9846928252522037,0.9846928252522037,0.9846928252522037,0.9846928252522037,0.9846928252522037,0.010000000000000009,0.010000000000000009,0.010000000000000009,0.010000000000000009,0.010000000000000009,1,200
lr,beta_2,P2,naive_ml,0.9,1.0,1.0,1.0,1.0,1.0,7.502241355160303e-17,7.502241355160303e-17,7.502241355160303e-17,7.502241355160303e-17,7.502241355160303e-17,0.09999999999999998,0.09999999999999998,0.09999999999999998,0.09999999999999998,0.09999999999999998,1,200
lr,beta_2,P2,naive_ml,0.95,1.0,1.0,1.0,1.0,1.0,7.502241355160302e-17,7.502241355160302e-17,7.502241355160302e-17,7.502241355160302e-17,7.502241355160302e-17,0.050000000000000044,0.050000000000000044,0.050000000000000044,0.050000000000000044,0.050000000000000044,1,200
lr,beta_2,P2,naive_ml,0.975,1.0,1.0,1.0,1.0,1.0,7.502241355160302e-17,7.502241355160302e-17,7.502241355160302e-17,7.502241355160302e-17,7.502241355160302e-17,0.025000000000000022,0.025000000000000022,0.025000000000000022,0.025000000000000022,0.025000000000000022,1,200
lr,beta_2,P2,ppi,0.9,0.895,0.895,0.895,0.895,0.895,1.0072790275095176,1.0072790275095176,1.0072790275095176,1.0072790275095176,1.0072790275095176,-0.0050000000000000044,-0.0050000000000000044,-0.0050000000000000044,-0.0050000000000000044,-0.0050000000000000044,1,200
lr,beta_2,P2,ppi,0.95,0.945,0.945,0.945,0.945,0.945,1.0072790275095176,1.0072790275095176,1.0072790275095176,1.0072790275095176,1.0072790275095176,-0.0050000000000000044,-0.0050000000000000044,-0.0050000000000000044,-0.0050000000000000044,-0.0050000000000000044,1,200
lr,beta_2,P2,ppi,0.975,0.98,0.98,0.98,0.98,0.98,1.0072790275095176,1.0072790275095176,1.0072790275095176,1.0072790275095176,1.0072790275095176,0.0050000000000000044,0.0050000000000000044,0.0050000000000000044,0.0050000000000000044,0.0050000000000000044,1,200
lr,beta_2,P2,ppi_plus_plus,0.9,0.89,0.89,0.89,0.89,0.89,0.9847238266717622,0.9847238266717622,0.9847238266717622,0.9847238266717622,0.9847238266717622,-0.010000000000000009,-0.010000000000000009,-0.010000000000000009,-0.010000000000000009,-0.010000000000000009,1,200
lr,beta_2,P2,ppi_plus_plus,0.95,0.935,0.935,0.935,0.935,0.935,0.9847238266717622,0.9847238266717622,0.9847238266717622,0.9847238266717622,0.9847238266717622,-0.014999999999999902,-0.014999999999999902,-0.014999999999999902,-0.014999999999999902,-0.014999999999999902,1,200
lr,beta_2,P2,ppi_plus_plus,0.975,0.985,0.985,0.985,0.985,0.985,0.9847238266717627,0.9847238266717627,0.9847238266717627,0.9847238266717627,0.9847238266717627,0.010000000000000009,0.010000000000000009,0.010000000000000009,0.010000000000000009,0.010000000000000009,1,200
lr,beta_2,P3,naive_ml,0.9,0.0,0.0,0.0,0.0,0.0,7.609052648610045e-17,7.609052648610045e-17,7.609052648610045e-17,7.609052648610045e-17,7.609052648610045e-17,-0.9,-0.9,-0.9,-0.9,-0.9,1,200
lr,beta_2,P3,naive_ml,0.95,0.0,0.0,0.0,0.0,0.0,7.609052648610037e-17,7.609052648610037e-17,7.609052648610037e-17,7.609052648610037e-17,7.609052648610037e-17,-0.95,-0.95,-0.95,-0.95,-0.95,1,200
lr,beta_2,P3,naive_ml,0.975,0.0,0.0,0.0,0.0,0.0,7.609052648610043e-17,7.609052648610043e-17,7.609052648610043e-17,7.609052648610043e-17,7.609052648610043e-17,-0.975,-0.975,-0.975,-0.975,-0.975,1,200
lr,beta_2,P3,ppi,0.9,0.9,0.9,0.9,0.9,0.9,1.0045040069919402,1.0045040069919402,1.0045040069919402,1.0045040069919402,1.0045040069919402,0.0,0.0,0.0,0.0,0.0,1,200
lr,beta_2,P3,ppi,0.95,0.95,0.95,0.95,0.95,0.95,1.0045040069919398,1.0045040069919398,1.0045040069919398,1.0045040069919398,1.0045040069919398,0.0,0.0,0.0,0.0,0.0,1,200
lr,beta_2,P3,ppi,0.975,0.985,0.985,0.985,0.985,0.985,1.0045040069919404,1.0045040069919404,1.0045040069919404,1.0045040069919404,1.0045040069919404,0.010000000000000009,0.010000000000000009,0.010000000000000009,0.010000000000000009,0.010000000000000009,1,200
lr,beta_2,P3,ppi_plus_plus,0.9,0.89,0.89,0.89,0.89,0.89,0.9844806731147803,0.9844806731147803,0.9844806731147803,0.9844806731147803,0.9844806731147803,-0.010000000000000009,-0.010000000000000009,-0.010000000000000009,-0.010000000000000009,-0.010000000000000009,1,200
lr,beta_2,P3,ppi_plus_plus,0.95,0.94,0.94,0.94,0.94,0.94,0.9844806731147807,0.9844806731147807,0.9844806731147807,0.9844806731147807,0.9844806731147807,-0.010000000000000009,-0.010000000000000009,-0.010000000000000009,-0.010000000000000009,-0.010000000000000009,1,200
lr,beta_2,P3,ppi_plus_plus,0.975,0.985,0.985,0.985,0.985,0.985,0.9844806731147804,0.9844806731147804,0.9844806731147804,0.9844806731147804,0.9844806731147804,0.010000000000000009,0.010000000000000009,0.010000000000000009,0.010000000000000009,0.010000000000000009,1,200
lr,beta_2,P4,naive_ml,0.9,0.885,0.885,0.885,0.885,0.885,0.03636340325626512,0.03636340325626512,0.03636340325626512,0.03636340325626512,0.03636340325626512,-0.015000000000000013,-0.015000000000000013,-0.015000000000000013,-0.015000000000000013,-0.015000000000000013,1,200
lr,beta_2,P4,naive_ml,0.95,0.94,0.94,0.94,0.94,0.94,0.03636340325626516,0.03636340325626516,0.03636340325626516,0.03636340325626516,0.03636340325626516,-0.010000000000000009,-0.010000000000000009,-0.010000000000000009,-0.010000000000000009,-0.010000000000000009,1,200
lr,beta_2,P4,naive_ml,0.975,0.975,0.975,0.975,0.975,0.975,0.0363634032562652,0.0363634032562652,0.0363634032562652,0.0363634032562652,0.0363634032562652,0.0,0.0,0.0,0.0,0.0,1,200
lr,beta_2,P4,ppi,0.9,0.89,0.89,0.89,0.89,0.89,1.013190837063331,1.013190837063331,1.013190837063331,1.013190837063331,1.013190837063331,-0.010000000000000009,-0.010000000000000009,-0.010000000000000009,-0.010000000000000009,-0.010000000000000009,1,200
lr,beta_2,P4,ppi,0.95,0.955,0.955,0.955,0.955,0.955,1.0131908370633314,1.0131908370633314,1.0131908370633314,1.0131908370633314,1.0131908370633314,0.0050000000000000044,0.0050000000000000044,0.0050000000000000044,0.0050000000000000044,0.0050000000000000044,1,200
lr,beta_2,P4,ppi,0.975,0.975,0.975,0.975,0.975,0.975,1.0131908370633314,1.0131908370633314,1.0131908370633314,1.0131908370633314,1.0131908370633314,0.0,0.0,0.0,0.0,0.0,1,200
lr,beta_2,P4,ppi_plus_plus,0.9,0.88,0.88,0.88,0.88,0.88,0.9854027258912416,0.9854027258912416,0.9854027258912416,0.9854027258912416,0.9854027258912416,-0.020000000000000018,-0.020000000000000018,-0.020000000000000018,-0.020000000000000018,-0.020000000000000018,1,200
lr,beta_2,P4,ppi_plus_plus,0.95,0.945,0.945,0.945,0.945,0.945,0.9854027258912416,0.9854027258912416,0.9854027258912416,0.9854027258912416,0.9854027258912416,-0.0050000000000000044,-0.0050000000000000044,-0.0050000000000000044,-0.0050000000000000044,-0.0050000000000000044,1,200
lr,beta_2,P4,ppi_plus_plus,0.975,0.975,0.975,0.975,0.975,0.975,0.9854027258912422,0.9854027258912422,0.9854027258912422,0.9854027258912422,0.9854027258912422,0.0,0.0,0.0,0.0,0.0,1,200
lr,beta_2,baseline,classic,0.9,0.88,0.88,0.88,0.88,0.88,1.0,1.0,1.0,1.0,1.0,-0.020000000000000018,-0.020000000000000018,-0.020000000000000018,-0.020000000000000018,-0.020000000000000018,1,200
lr,beta_2,baseline,classic,0.95,0.935,0.935,0.935,0.935,0.935,1.0,1.0,1.0,1.0,1.0,-0.014999999999999902,-0.014999999999999902,-0.014999999999999902,-0.014999999999999902,-0.014999999999999902,1,200
lr,beta_2,baseline,classic,0.975,0.975,0.975,0.975,0.975,0.975,1.0,1.0,1.0,1.0,1.0,0.0,0.0,0.0,0.0,0.0,1,200
mean,theta,P1,naive_ml,0.9,0.92,0.92,0.92,0.92,0.92,0.16208924580340536,0.16208924580340536,0.16208924580340536,0.16208924580340536,0.16208924580340536,0.020000000000000018,0.020000000000000018,0.020000000000000018,0.020000000000000018,0.020000000000000018,1,200
mean,theta,P1,naive_ml,0.95,0.945,0.945,0.945,0.945,0.945,0.16208924580340545,0.16208924580340545,0.16208924580340545,0.16208924580340545,0.16208924580340545,-0.0050000000000000044,-0.0050000000000000044,-0.0050000000000000044,-0.0050000000000000044,-0.0050000000000000044,1,200
mean,theta,P1,naive_ml,0.975,0.98,0.98,0.98,0.98,0.98,0.16208924580340525,0.16208924580340525,0.16208924580340525,0.16208924580340525,0.16208924580340525,0.0050000000000000044,0.0050000000000000044,0.0050000000000000044,0.0050000000000000044,0.0050000000000000044,1,200
mean,theta,P1,ppi,0.9,0.885,0.885,0.885,0.885,0.885,0.8706156840977034,0.8706156840977034,0.8706156840977034,0.8706156840977034,0.8706156840977034,-0.015000000000000013,-0.015000000000000013,-0.015000000000000013,-0.015000000000000013,-0.015000000000000013,1,200
mean,theta,P1,ppi,0.95,0.935,0.935,0.935,0.935,0.935,0.8706156840977044,0.8706156840977044,0.8706156840977044,0.8706156840977044,0.8706156840977044,-0.014999999999999902,-0.014999999999999902,-0.014999999999999902,-0.014999999999999902,-0.014999999999999902,1,200
mean,theta,P1,ppi,0.975,0.975,0.975,0.975,0.975,0.975,0.8706156840977038,0.8706156840977038,0.8706156840977038,0.8706156840977038,0.8706156840977038,0.0,0.0,0.0,0.0,0.0,1,200
mean,theta,P1,ppi_plus_plus,0.9,0.895,0.895,0.895,0.895,0.895,0.8645729137179673,0.8645729137179673,0.8645729137179673,0.8645729137179673,0.8645729137179673,-0.0050000000000000044,-0.0050000000000000044,-0.0050000000000000044,-0.0050000000000000044,-0.0050000000000000044,1,200
mean,theta,P1,ppi_plus_plus,0.95,0.945,0.945,0.945,0.945,0.945,0.8645729137179679,0.8645729137179679,0.8645729137179679,0.8645729137179679,0.8645729137179679,-0.0050000000000000044,-0.0050000000000000044,-0.0050000000000000044,-0.0050000000000000044,-0.0050000000000000044,1,200
mean,theta,P1,ppi_plus_plus,0.975,0.97,0.97,0.97,0.97,0.97,0.8645729137179677,0.8645729137179677,0.8645729137179677,0.8645729137179677,0.8645729137179677,-0.0050000000000000044,-0.0050000000000000044,-0.0050000000000000044,-0.0050000000000000044,-0.0050000000000000044,1,200
mean,theta,P2,naive_ml,0.9,0.24,0.24,0.24,0.24,0.24,0.16204476668048556,0.16204476668048556,0.16204476668048556,0.16204476668048556,0.16204476668048556,-0.66,-0.66,-0.66,-0.66,-0.66,1,200
mean,theta,P2,naive_ml,0.95,0.345,0.345,0.345,0.345,0.345,0.1620447666804856,0.1620447666804856,0.1620447666804856,0.1620447666804856,0.1620447666804856,-0.605,-0.605,-0.605,-0.605,-0.605,1,200
mean,theta,P2,naive_ml,0.975,0.475,0.475,0.475,0.475,0.475,0.1620447666804856,0.1620447666804856,0.1620447666804856,0.1620447666804856,0.1620447666804856,-0.5,-0.5,-0.5,-0.5,-0.5,1,200
mean,theta,P2,ppi,0.9,0.885,0.885,0.885,0.885,0.885,0.8704546124721215,0.8704546124721215,0.8704546124721215,0.8704546124721215,0.8704546124721215,-0.015000000000000013,-0.015000000000000013,-0.015000000000000013,-0.015000000000000013,-0.015000000000000013,1,200
mean,theta,P2,ppi,0.95,0.935,0.935,0.935,0.935,0.935,0.8704546124721215,0.8704546124721215,0.8704546124721215,0.8704546124721215,0.8704546124721215,-0.014999999999999902,-0.014999999999999902,-0.014999999999999902,-0.014999999999999902,-0.014999999999999902,1,200
mean,theta,P2,ppi,0.975,0.975,0.975,0.975,0.975,0.975,0.8704546124721215,0.8704546124721215,0.8704546124721215,0.8704546124721215,0.8704546124721215,0.0,0.0,0.0,0.0,0.0,1,200
mean,theta,P2,ppi_plus_plus,0.9,0.89,0.89,0.89,0.89,0.89,0.8644558200856636,0.8644558200856636,0.8644558200856636,0.8644558200856636,0.8644558200856636,-0.010000000000000009,-0.010000000000000009,-0.010000000000000009,-0.010000000000000009,-0.010000000000000009,1,200
mean,theta,P2,ppi_plus_plus,0.95,0.945,0.945,0.945,0.945,0.945,0.8644558200856637,0.8644558200856637,0.8644558200856637,0.8644558200856637,0.8644558200856637,-0.0050000000000000044,-0.0050000000000000044,-0.0050000000000000044,-0.0050000000000000044,-0.0050000000000000044,1,200
mean,theta,P2,ppi_plus_plus,0.975,0.97,0.97,0.97,0.97,0.97,0.8644558200856637,0.8644558200856637,0.8644558200856637,0.8644558200856637,0.8644558200856637,-0.0050000000000000044,-0.0050000000000000044,-0.0050000000000000044,-0.0050000000000000044,-0.0050000000000000044,1,200
mean,theta,P3,naive_ml,0.9,0.92,0.92,0.92,0.92,0.92,0.15458139394104792,0.15458139394104792,0.15458139394104792,0.15458139394104792,0.15458139394104792,0.020000000000000018,0.020000000000000018,0.020000000000000018,0.020000000000000018,0.020000000000000018,1,200
mean,theta,P3,naive_ml,0.95,0.955,0.955,0.955,0.955,0.955,0.15458139394104803,0.15458139394104803,0.15458139394104803,0.15458139394104803,0.15458139394104803,0.0050000000000000044,0.0050000000000000044,0.0050000000000000044,0.0050000000000000044,0.0050000000000000044,1,200
mean,theta,P3,naive_ml,0.975,0.985,0.985,0.985,0.985,0.985,0.1545813939410478,0.1545813939410478,0.1545813939410478,0.1545813939410478,0.1545813939410478,0.010000000000000009,0.010000000000000009,0.010000000000000009,0.010000000000000009,0.010000000000000009,1,200
mean,theta,P3,ppi,0.9,0.875,0.875,0.875,0.875,0.875,0.8711802673247704,0.8711802673247704,0.8711802673247704,0.8711802673247704,0.8711802673247704,-0.025000000000000022,-0.025000000000000022,-0.025000000000000022,-0.025000000000000022,-0.025000000000000022,1,200
mean,theta,P3,ppi,0.95,0.945,0.945,0.945,0.945,0.945,0.8711802673247706,0.8711802673247706,0.8711802673247706,0.8711802673247706,0.8711802673247706,-0.0050000000000000044,-0.0050000000000000044,-0.0050000000000000044,-0.0050000000000000044,-0.0050000000000000044,1,200
mean,theta,P3,ppi,0.975,0.975,0.975,0.975,0.975,0.975,0.8711802673247702,0.8711802673247702,0.8711802673247702,0.8711802673247702,0.8711802673247702,0.0,0.0,0.0,0.0,0.0,1,200
mean,theta,P3,ppi_plus_plus,0.9,0.885,0.885,0.885,0.885,0.885,0.8666492019501967,0.8666492019501967,0.8666492019501967,0.8666492019501967,0.8666492019501967,-0.015000000000000013,-0.015000000000000013,-0.015000000000000013,-0.015000000000000013,-0.015000000000000013,1,200
mean,theta,P3,ppi_plus_plus,0.95,0.955,0.955,0.955,0.955,0.955,0.8666492019501966,0.8666492019501966,0.8666492019501966,0.8666492019501966,0.8666492019501966,0.0050000000000000044,0.0050000000000000044,0.0050000000000000044,0.0050000000000000044,0.0050000000000000044,1,200
mean,theta,P3,ppi_plus_plus,0.975,0.97,0.97,0.97,0.97,0.97,0.8666492019501966,0.8666492019501966,0.8666492019501966,0.8666492019501966,0.8666492019501966,-0.0050000000000000044,-0.0050000000000000044,-0.0050000000000000044,-0.0050000000000000044,-0.0050000000000000044,1,200
mean,theta,P4,naive_ml,0.9,0.93,0.93,0.93,0.93,0.93,0.16515416029650448,0.16515416029650448,0.16515416029650448,0.16515416029650448,0.16515416029650448,0.030000000000000027,0.030000000000000027,0.030000000000000027,0.030000000000000027,0.030000000000000027,1,200
mean,theta,P4,naive_ml,0.95,0.945,0.945,0.945,0.945,0.945,0.1651541602965045,0.1651541602965045,0.1651541602965045,0.1651541602965045,0.1651541602965045,-0.0050000000000000044,-0.0050000000000000044,-0.0050000000000000044,-0.0050000000000000044,-0.0050000000000000044,1,200
mean,theta,P4,naive_ml,0.975,0.975,0.975,0.975,0.975,0.975,0.16515416029650443,0.16515416029650443,0.16515416029650443,0.16515416029650443,0.16515416029650443,0.0,0.0,0.0,0.0,0.0,1,200
mean,theta,P4,ppi,0.9,0.88,0.88,0.88,0.88,0.88,0.8775515375651909,0.8775515375651909,0.8775515375651909,0.8775515375651909,0.8775515375651909,-0.020000000000000018,-0.020000000000000018,-0.020000000000000018,-0.020000000000000018,-0.020000000000000018,1,200
mean,theta,P4,ppi,0.95,0.94,0.94,0.94,0.94,0.94,0.8775515375651907,0.8775515375651907,0.8775515375651907,0.8775515375651907,0.8775515375651907,-0.010000000000000009,-0.010000000000000009,-0.010000000000000009,-0.010000000000000009,-0.010000000000000009,1,200
mean,theta,P4,ppi,0.975,0.98,0.98,0.98,0.98,0.98,0.87755153756519,0.87755153756519,0.87755153756519,0.87755153756519,0.87755153756519,0.0050000000000000044,0.0050000000000000044,0.0050000000000000044,0.0050000000000000044,0.0050000000000000044,1,200
mean,theta,P4,ppi_plus_plus,0.9,0.89,0.89,0.89,0.89,0.89,0.8696559108684163,0.8696559108684163,0.8696559108684163,0.8696559108684163,0.8696559108684163,-0.010000000000000009,-0.010000000000000009,-0.010000000000000009,-0.010000000000000009,-0.010000000000000009,1,200
mean,theta,P4,ppi_plus_plus,0.95,0.95,0.95,0.95,0.95,0.95,0.8696559108684161,0.8696559108684161,0.8696559108684161,0.8696559108684161,0.8696559108684161,0.0,0.0,0.0,0.0,0.0,1,200
mean,theta,P4,ppi_plus_plus,0.975,0.975,0.975,0.975,0.975,0.975,0.8696559108684158,0.8696559108684158,0.8696559108684158,0.8696559108684158,0.8696559108684158,0.0,0.0,0.0,0.0,0.0,1,200
mean,theta,baseline,classic,0.9,0.915,0.915,0.915,0.915,0.915,1.0,1.0,1.0,1.0,1.0,0.015000000000000013,0.015000000000000013,0.015000000000000013,0.015000000000000013,0.015000000000000013,1,200
mean,theta,baseline,classic,0.95,0.935,0.935,0.935,0.935,0.935,1.0,1.0,1.0,1.0,1.0,-0.014999999999999902,-0.014999999999999902,-0.014999999999999902,-0.014999999999999902,-0.014999999999999902,1,200
mean,theta,baseline,classic,0.975,0.975,0.975,0.975,0.975,0.975,1.0,1.0,1.0,1.0,1.0,0.0,0.0,0.0,0.0,0.0,1,200
